﻿<?xml version="1.0" encoding="utf-8"?>
<Defs>
	<!-- ==========[MorrowRim_Dunmer_UnfinishedBonemold]========== -->
	<ThingDef ParentName="UnfinishedBase">
		<defName>MorrowRim_Dunmer_UnfinishedBonemold</defName>
		<label>unfinished bonemold equipment</label>
		<description>An unfinished piece of bonemold equipment.</description>
		<statBases>
			<Flammability>0.3</Flammability>
		</statBases>
		<graphicData>
			<texPath>Things/Item/Unfinished/MorrowRim_Dunmer_UnfinishedBonemold</texPath>
			<graphicClass>Graphic_Single</graphicClass>
		</graphicData>
		<stuffCategories Inherit="false"/>
	</ThingDef>
	<!-- ==========[MorrowRim_Dunmer_UnfinishedChitin]========== -->
	<ThingDef ParentName="UnfinishedBase">
		<defName>MorrowRim_Dunmer_UnfinishedChitin</defName>
		<label>unfinished chitin equipment</label>
		<description>An unfinished piece of chitin equipment.</description>
		<statBases>
			<Flammability>0.3</Flammability>
		</statBases>
		<graphicData>
			<texPath>Things/Item/Unfinished/MorrowRim_Dunmer_UnfinishedChitin</texPath>
			<graphicClass>Graphic_Single</graphicClass>
		</graphicData>
		<stuffCategories Inherit="false"/>
	</ThingDef>
	<!-- ==========[MorrowRim_Dunmer_UnfinishedLeather]========== -->
	<ThingDef ParentName="UnfinishedBase">
		<defName>MorrowRim_Dunmer_UnfinishedLeather</defName>
		<label>unfinished leather equipment</label>
		<description>An unfinished piece of leather equipment.</description>
		<statBases>
			<Flammability>0.3</Flammability>
		</statBases>
		<graphicData>
			<texPath>Things/Item/Unfinished/MorrowRim_Dunmer_UnfinishedLeather</texPath>
			<graphicClass>Graphic_Single</graphicClass>
		</graphicData>
		<stuffCategories Inherit="false"/>
	</ThingDef>
	<!-- ==========[MorrowRim_Dunmer_UnfinishedOrdinator]========== -->
	<ThingDef ParentName="UnfinishedBase">
		<defName>MorrowRim_Dunmer_UnfinishedOrdinator</defName>
		<label>unfinished Ordinator equipment</label>
		<description>An unfinished piece of Ordinator equipment.</description>
		<statBases>
			<Flammability>0.3</Flammability>
		</statBases>
		<graphicData>
			<texPath>Things/Item/Unfinished/MorrowRim_Dunmer_UnfinishedOrdinator</texPath>
			<graphicClass>Graphic_Single</graphicClass>
		</graphicData>
		<stuffCategories Inherit="false"/>
	</ThingDef>
	<!-- ==========[MorrowRim_Dunmer_UnfinishedTelvanni]========== -->
	<ThingDef ParentName="UnfinishedBase">
		<defName>MorrowRim_Dunmer_UnfinishedTelvanni</defName>
		<label>unfinished Telvanni equipment</label>
		<description>An unfinished piece of Telvanni equipment.</description>
		<statBases>
			<Flammability>0.3</Flammability>
		</statBases>
		<graphicData>
			<texPath>Things/Item/Unfinished/MorrowRim_Dunmer_UnfinishedTelvanni</texPath>
			<graphicClass>Graphic_Single</graphicClass>
		</graphicData>
		<stuffCategories Inherit="false"/>
	</ThingDef>
</Defs>
