<?xml version="1.0" encoding="utf-8"?>
<Patch>
	<!-- Doesn't seem to actually do anything -->
	<Operation Class="PatchOperationFindMod">
		<mods>
			<li>Morphs Assorted: Unique and Rare Items</li>
		</mods>
		<match Class="PatchOperationSequence">
			<operations>
				<li Class="PatchOperationAdd">
					<xpath>Defs/ThingDef[@Name = "MorrowRim_Dunmer_SpecialWeapon_Melee"]/comps</xpath>
					<value>
						<li Class="UniqueItems.CompProperties_UniqueItem">
							<maxCount>1</maxCount>
							<labelUniquePrefix>The Legendary </labelUniquePrefix>
						</li>
					</value>
				</li>
			</operations>
		</match>
	</Operation>
</Patch>