﻿<?xml version="1.0" encoding="utf-8"?>
<Defs>
	<!-- ==========[MorrowRim_Dunmer_ArmourMakeable_Base]========== -->
	<ThingDef ParentName="ArmorSmithableBase" Name="MorrowRim_Dunmer_ArmourMakeable_Base" Abstract="True">
		<graphicData>
			<graphicClass>Graphic_Single</graphicClass>
		</graphicData>
		<recipeMaker>
			<recipeUsers Inherit="False">
				<li>MorrowRim_Dunmer_DunmerForgeFuelled</li>
				<li>MorrowRim_Dunmer_DunmerForgeElectric</li>
				<li MayRequire="SirMashedPotato.MorrowRim.TelvanniTechnology">MorrowRim_TelvanniForge</li>
			</recipeUsers>
			<defaultIngredientFilter Inherit="False"/>
		</recipeMaker>
		<thingCategories>
			<li>ApparelArmor</li>
		</thingCategories>
		<tradeTags>
			<li>Armor</li>
			<li>MorrowRim_Dunmer_Armour</li>
		</tradeTags>
		<thingSetMakerTags>
			<li>RewardStandardLowFreq</li>
			<li>RewardStandardQualitySuper</li>
		</thingSetMakerTags>
		<apparel>
			<defaultOutfitTags>
				<li>Soldier</li>
			</defaultOutfitTags>
			<canBeDesiredForIdeo>false</canBeDesiredForIdeo>
			<canBeGeneratedToSatisfyWarmth>false</canBeGeneratedToSatisfyWarmth>
			<canBeGeneratedToSatisfyToxicEnvironmentResistance>false</canBeGeneratedToSatisfyToxicEnvironmentResistance>
		</apparel>
		<possessionCount>1</possessionCount>
	</ThingDef>
	<!-- ==========[MorrowRim_Dunmer_ArmourMakeable_Base]========== -->
	<ThingDef ParentName="MorrowRim_Dunmer_ArmourMakeable_Base" Name="MorrowRim_Dunmer_ArmourMakeable_Leather" Abstract="True">
		<techLevel>Neolithic</techLevel>
		<recipeMaker>
			<unfinishedThingDef>MorrowRim_Dunmer_UnfinishedLeather</unfinishedThingDef>
			<recipeUsers>
				<li>MorrowRim_Dunmer_AshlanderForge</li>
			</recipeUsers>
			<researchPrerequisites>
				<li>MorrowRim_Dunmer_LeatherArmour</li>
			</researchPrerequisites>
		</recipeMaker>
		<apparel>
			<tags>
				<li>MorrowRim_Dunmer_LeatherArmour</li>
			</tags>
		</apparel>
	</ThingDef>
	<!-- ==========[MorrowRim_Dunmer_ArmourMakeable_Base]========== -->
	<ThingDef ParentName="MorrowRim_Dunmer_ArmourMakeable_Base" Name="MorrowRim_Dunmer_ArmourMakeable_Chitin" Abstract="True">
		<techLevel>Neolithic</techLevel>
		<recipeMaker>
			<unfinishedThingDef>MorrowRim_Dunmer_UnfinishedChitin</unfinishedThingDef>
			<recipeUsers>
				<li>MorrowRim_Dunmer_AshlanderForge</li>
			</recipeUsers>
			<researchPrerequisites>
				<li>MorrowRim_Dunmer_ChitinArmour</li>
			</researchPrerequisites>
		</recipeMaker>
		<apparel>
			<tags>
				<li>MorrowRim_Dunmer_ChitinArmour</li>
			</tags>
		</apparel>
	</ThingDef>
	<!-- ==========[MorrowRim_Dunmer_ArmourMakeable_Base]========== -->
	<!-- 
		Base stats off steel plate armour
		- Roughly same defence
		- Lighter, less impact on movement speed
		- Less durable, 20%
		- Higher heat resistance (both armour and temperature)
		- Some sets will deviate from this
	-->
	<ThingDef ParentName="MorrowRim_Dunmer_ArmourMakeable_Base" Name="MorrowRim_Dunmer_ArmourMakeable_Bonemold" Abstract="True">
		<techLevel>Medieval</techLevel>
		<recipeMaker>
			<unfinishedThingDef>MorrowRim_Dunmer_UnfinishedBonemold</unfinishedThingDef>
			<researchPrerequisites>
				<li>MorrowRim_Dunmer_BonemoldArmour</li>
			</researchPrerequisites>
		</recipeMaker>
		<apparel>
			<tags>
				<li>MorrowRim_Dunmer_BonemoldArmour</li>
			</tags>
		</apparel>
		<tradeTags>
			<li>MorrowRim_Dunmer_Armour_Bonemold</li>
		</tradeTags>
	</ThingDef>
	<!-- ==========[MorrowRim_Dunmer_ArmourMakeable_BonemoldNoble]========== -->
	<ThingDef ParentName="MorrowRim_Dunmer_ArmourMakeable_Bonemold" Name="MorrowRim_Dunmer_ArmourMakeable_BonemoldNoble" Abstract="True">
		<recipeMaker>
			<researchPrerequisites>
				<li MayRequire="Ludeon.RimWorld.Royalty">NobleApparel</li>
			</researchPrerequisites>
		</recipeMaker>
		<apparel>
			<tags>
				<li>Royal</li>
				<li>RoyalTier1</li>
				<li>RoyalTier2</li>
				<li>MorrowRim_Dunmer_BonemoldArmourNoble</li>
			</tags>
		</apparel>
		<tradeTags>
			<li>MorrowRim_Dunmer_Armour_BonemoldNoble</li>
		</tradeTags>
	</ThingDef>
	<!-- ==========[MorrowRim_Dunmer_ArmourMakeable_BonemoldRoyal]========== -->
	<ThingDef ParentName="MorrowRim_Dunmer_ArmourMakeable_Bonemold" Name="MorrowRim_Dunmer_ArmourMakeable_BonemoldRoyal" Abstract="True">
		<recipeMaker>
			<researchPrerequisites>
				<li MayRequire="Ludeon.RimWorld.Royalty">RoyalApparel</li>
			</researchPrerequisites>
		</recipeMaker>
		<apparel>
			<tags>
				<li>Royal</li>
				<li>RoyalTier1</li>
				<li>RoyalTier2</li>
				<li>RoyalTier3</li>
				<li>RoyalTier4</li>
				<li>RoyalTier5</li>
				<li>RoyalTier6</li>
				<li>RoyalTier7</li>
				<li>MorrowRim_Dunmer_BonemoldArmourRoyal</li>
			</tags>
		</apparel>
		<tradeTags>
			<li>MorrowRim_Dunmer_Armour_BonemoldRoyal</li>
		</tradeTags>
	</ThingDef>
	<!-- ==========[MorrowRim_Dunmer_ArmourMakeable_Base]========== -->
	<ThingDef ParentName="MorrowRim_Dunmer_ArmourMakeable_Base" Name="MorrowRim_Dunmer_ArmourMakeable_Ordinator" Abstract="True">
		<techLevel>Medieval</techLevel>
		<recipeMaker>
			<unfinishedThingDef>MorrowRim_Dunmer_UnfinishedOrdinator</unfinishedThingDef>
		</recipeMaker>
		<apparel>
			<tags>
				<li>MorrowRim_Dunmer_OrdinatorArmour</li>
			</tags>
		</apparel>
		<tradeTags>
			<li>MorrowRim_Dunmer_Armour_Ordinator</li>
		</tradeTags>
	</ThingDef>
	<!-- ==========[MorrowRim_Dunmer_Armour_Special]========== -->
	<ThingDef ParentName="ApparelNoQualityBase" Name="MorrowRim_Dunmer_Armour_Special" Abstract="True">
		<graphicData>
			<graphicClass>Graphic_Single</graphicClass>
		</graphicData>
		<tickerType>Normal</tickerType>
		<comps>
			<li Class="CompProperties_Styleable"/>
			<li Class="CompProperties_SelfhealHitpoints">
				<ticksPerHeal>2000</ticksPerHeal>
			</li>
		</comps>
		<thingCategories>
			<li>ApparelArmor</li>
		</thingCategories>
		<tradeTags>
			<li>Artifact</li>
			<li>Armor</li>
			<li>MorrowRim_Dunmer_Armour</li>
		</tradeTags>
		<thingSetMakerTags>
			<li>RewardStandardLowFreq</li>
			<li>RewardStandardQualitySuper</li>
		</thingSetMakerTags>
		<apparel>
			<careIfWornByCorpse>false</careIfWornByCorpse>
			<careIfDamaged>false</careIfDamaged>
			<wearPerDay>0</wearPerDay>
			<defaultOutfitTags>
				<li>Soldier</li>
			</defaultOutfitTags>
			<tags>
				<li>Royal</li>
				<li>RoyalTier1</li>
				<li>RoyalTier2</li>
				<li>RoyalTier3</li>
				<li>RoyalTier4</li>
				<li>RoyalTier5</li>
				<li>RoyalTier6</li>
				<li>RoyalTier7</li>
			</tags>
		</apparel>
		<relicChance>1</relicChance>
		<allowedArchonexusCount>1</allowedArchonexusCount>
	</ThingDef>
</Defs>
