﻿<?xml version="1.0" encoding="utf-8"?>
<Defs>
	<!-- ====================[Regular Set]====================-->
	<!-- 
		Base stats off ebony plate armour
		- Roughly same defence
		- Additionally confers additional stat bonuses
		- Work increased by 20%
	-->
	<!-- ==========[MorrowRim_Dunmer_ArmourCuirass_OrdinatorRegular]========== -->
	<ThingDef ParentName="MorrowRim_Dunmer_ArmourMakeable_Ordinator" Name="MorrowRim_Dunmer_ArmourCuirass_OrdinatorRegular">
		<defName>MorrowRim_Dunmer_ArmourCuirass_OrdinatorRegular</defName>
		<label>Ordinator cuirass</label>
		<description>An ornately crafted cuirass, a mixture of chitin and ebony, coated in a layer of gold, and decorated with only the finest cloth. While it provides excellent protection, people are usually weary of those that don this armour, as social interactions with those not faithful to the Temple tend to skew towards the hostile side.</description>
		<recipeMaker>
			<researchPrerequisites>
				<li>MorrowRim_Dunmer_DoctrineOrdinatorArmour</li>
			</researchPrerequisites>
			<skillRequirements>
				<Crafting>12</Crafting>
			</skillRequirements>
		</recipeMaker>
		<graphicData>
			<texPath>Things/Pawn/Humanlike/Apparel/MorrowRim_Ordinator/Ordinator_Regular/Ordinator_Regular_Armour_Item</texPath>
		</graphicData>
		<costList>
			<Gold>5</Gold>
			<Cloth>30</Cloth>
			<InsectChitin>50</InsectChitin>
			<Mashed_Ashlands_VolcanicEbony>120</Mashed_Ashlands_VolcanicEbony>
		</costList>
		<statBases>
			<Beauty>20</Beauty>
			<WorkToMake>45600</WorkToMake>
			<MaxHitPoints>800</MaxHitPoints>
			<Mass>15</Mass>
			<Flammability>0.2</Flammability>
			<ArmorRating_Sharp>0.85</ArmorRating_Sharp>
			<ArmorRating_Blunt>0.50</ArmorRating_Blunt>
			<ArmorRating_Heat>0.6</ArmorRating_Heat>
			<Insulation_Cold>2</Insulation_Cold>
			<Insulation_Heat>8</Insulation_Heat>
			<EquipDelay>15</EquipDelay>
		</statBases>
		<equippedStatOffsets>
			<MoveSpeed>-0.8</MoveSpeed>
			<ArrestSuccessChance>0.15</ArrestSuccessChance>
			<MeleeHitChance>1</MeleeHitChance>
			<MeleeDodgeChance>5</MeleeDodgeChance>
		</equippedStatOffsets>
		<apparel>
			<bodyPartGroups>
				<li>Torso</li>
				<li>Neck</li>
				<li>Shoulders</li>
				<li>Arms</li>
				<li>Legs</li>
			</bodyPartGroups>
			<wornGraphicPath>Things/Pawn/Humanlike/Apparel/MorrowRim_Ordinator/Ordinator_Regular/Ordinator_Regular_Armour</wornGraphicPath>
			<layers>
				<li>Middle</li>
				<li>Shell</li>
			</layers>
			<tags>
				<li>MorrowRim_Dunmer_OrdinatorArmour_Regular</li>
			</tags>
		</apparel>
	</ThingDef>
	<!-- ==========[MorrowRim_Dunmer_ArmourHelmet_OrdinatorRegular]========== -->
	<ThingDef ParentName="MorrowRim_Dunmer_ArmourMakeable_Ordinator" Name="MorrowRim_Dunmer_ArmourHelmet_OrdinatorRegular">
		<defName>MorrowRim_Dunmer_ArmourHelmet_OrdinatorRegular</defName>
		<label>Ordinator helmet</label>
		<description>An ornately crafted helmet, a mixture of chitin and ebony, coated in a layer of gold, designed to resemble Indoril Nerevar. While it provides excellent protection, people are usually weary of those that don this helmet, as social interactions with those not faithful to the Temple tend to skew towards the hostile side.</description>
		<recipeMaker>
			<researchPrerequisites>
				<li>MorrowRim_Dunmer_DoctrineOrdinatorArmour</li>
			</researchPrerequisites>
			<skillRequirements>
				<Crafting>12</Crafting>
			</skillRequirements>
		</recipeMaker>
		<graphicData>
			<texPath>Things/Pawn/Humanlike/Apparel/MorrowRim_Ordinator/Ordinator_Regular/Ordinator_Regular_Helmet_Item</texPath>
		</graphicData>
		<costList>
			<Gold>1</Gold>
			<Cloth>20</Cloth>
			<InsectChitin>30</InsectChitin>
			<Mashed_Ashlands_VolcanicEbony>20</Mashed_Ashlands_VolcanicEbony>
		</costList>
		<statBases>
			<Beauty>20</Beauty>
			<WorkToMake>8160</WorkToMake>
			<MaxHitPoints>400</MaxHitPoints>
			<Mass>2.8</Mass>
			<Flammability>0.2</Flammability>
			<ArmorRating_Sharp>0.48</ArmorRating_Sharp>
			<ArmorRating_Blunt>0.28</ArmorRating_Blunt>
			<ArmorRating_Heat>0.4</ArmorRating_Heat>
			<Insulation_Heat>5</Insulation_Heat>
			<EquipDelay>2.5</EquipDelay>
		</statBases>
		<equippedStatOffsets>
			<ShootingAccuracyPawn>-0.1</ShootingAccuracyPawn>
			<ArrestSuccessChance>0.15</ArrestSuccessChance>
			<MeleeHitChance>1</MeleeHitChance>
			<MeleeDodgeChance>5</MeleeDodgeChance>
		</equippedStatOffsets>
		<apparel>
			<countsAsClothingForNudity>false</countsAsClothingForNudity>
			<bodyPartGroups>
				<li>FullHead</li>
			</bodyPartGroups>
			<wornGraphicPath>Things/Pawn/Humanlike/Apparel/MorrowRim_Ordinator/Ordinator_Regular/Ordinator_Regular_Helmet</wornGraphicPath>
			<layers>
				<li>EyeCover</li>
				<li>Overhead</li>
			</layers>
			<tags>
				<li>MorrowRim_Dunmer_OrdinatorArmour_Regular</li>
			</tags>
		</apparel>
	</ThingDef>
	<!-- ==========[MorrowRim_Dunmer_ArmourBoots_OrdinatorRegular]========== -->
	<ThingDef ParentName="MorrowRim_Dunmer_ArmourMakeable_Ordinator" Name="MorrowRim_Dunmer_ArmourBoots_OrdinatorRegular">
		<defName>MorrowRim_Dunmer_ArmourBoots_OrdinatorRegular</defName>
		<label>Ordinator boots</label>
		<description>An ornately crafted pair of boots, a mixture of chitin and ebony, coated in a layer of gold. Provides excellent protection, and makes those that have defied the Temple feel uneasy.</description>
		<recipeMaker>
			<researchPrerequisites>
				<li>MorrowRim_Dunmer_DoctrineOrdinatorArmour</li>
			</researchPrerequisites>
			<skillRequirements>
				<Crafting>10</Crafting>
			</skillRequirements>
		</recipeMaker>
		<graphicData>
			<texPath>Things/Pawn/Humanlike/Apparel/MorrowRim_Ordinator/Ordinator_Regular/Ordinator_Regular_Boots</texPath>
		</graphicData>
		<costList>
			<Gold>1</Gold>
			<Cloth>20</Cloth>
			<InsectChitin>30</InsectChitin>
			<Mashed_Ashlands_VolcanicEbony>20</Mashed_Ashlands_VolcanicEbony>
		</costList>
		<statBases>
			<Beauty>10</Beauty>
			<WorkToMake>8160</WorkToMake>
			<MaxHitPoints>200</MaxHitPoints>
			<Mass>2.8</Mass>
			<Flammability>0.2</Flammability>
			<ArmorRating_Sharp>0.48</ArmorRating_Sharp>
			<ArmorRating_Blunt>0.28</ArmorRating_Blunt>
			<ArmorRating_Heat>0.4</ArmorRating_Heat>
			<Insulation_Heat>5</Insulation_Heat>
			<EquipDelay>2.5</EquipDelay>
		</statBases>
		<equippedStatOffsets>
			<MoveSpeed>-0.2</MoveSpeed>
			<MeleeDodgeChance>2.5</MeleeDodgeChance>
			<ArrestSuccessChance>0.05</ArrestSuccessChance>
		</equippedStatOffsets>
		<apparel>
			<bodyPartGroups>
				<li>Feet</li>
			</bodyPartGroups>
			<layers>
				<li>Middle</li>
			</layers>
			<tags>
				<li>MorrowRim_Dunmer_OrdinatorArmour_Regular</li>
			</tags>
		</apparel>
	</ThingDef>
	<!-- ==========[MorrowRim_Dunmer_ArmourGauntlets_OrdinatorRegular]========== -->
	<ThingDef ParentName="MorrowRim_Dunmer_ArmourMakeable_Ordinator" Name="MorrowRim_Dunmer_ArmourGauntlets_OrdinatorRegular">
		<defName>MorrowRim_Dunmer_ArmourGauntlets_OrdinatorRegular</defName>
		<label>Ordinator gauntlets</label>
		<description>An ornately crafted pair of gauntlets, a mixture of chitin and ebony, coated in a layer of gold. Provides excellent protection, and makes those that have defied the Temple feel uneasy.</description>
		<recipeMaker>
			<researchPrerequisites>
				<li>MorrowRim_Dunmer_DoctrineOrdinatorArmour</li>
			</researchPrerequisites>
			<skillRequirements>
				<Crafting>10</Crafting>
			</skillRequirements>
		</recipeMaker>
		<graphicData>
			<texPath>Things/Pawn/Humanlike/Apparel/MorrowRim_Ordinator/Ordinator_Regular/Ordinator_Regular_Gauntlets</texPath>
		</graphicData>
		<costList>
			<Gold>1</Gold>
			<Cloth>20</Cloth>
			<InsectChitin>30</InsectChitin>
			<Mashed_Ashlands_VolcanicEbony>20</Mashed_Ashlands_VolcanicEbony>
		</costList>
		<statBases>
			<Beauty>10</Beauty>
			<WorkToMake>8160</WorkToMake>
			<MaxHitPoints>200</MaxHitPoints>
			<Mass>2.8</Mass>
			<Flammability>0.2</Flammability>
			<ArmorRating_Sharp>0.48</ArmorRating_Sharp>
			<ArmorRating_Blunt>0.28</ArmorRating_Blunt>
			<ArmorRating_Heat>0.4</ArmorRating_Heat>
			<Insulation_Heat>5</Insulation_Heat>
			<EquipDelay>2.5</EquipDelay>
		</statBases>
		<equippedStatOffsets>
			<WorkSpeedGlobal>-0.05</WorkSpeedGlobal>
			<MeleeHitChance>0.5</MeleeHitChance>
			<ArrestSuccessChance>0.05</ArrestSuccessChance>
		</equippedStatOffsets>
		<apparel>
			<bodyPartGroups>
				<li>Hands</li>
			</bodyPartGroups>
			<layers>
				<li>Middle</li>
			</layers>
			<tags>
				<li>MorrowRim_Dunmer_OrdinatorArmour_Regular</li>
			</tags>
		</apparel>
	</ThingDef>
	<!-- ====================[Alternate Set]====================-->
	<!-- ==========[MorrowRim_Dunmer_ArmourCuirass_OrdinatorRegular]========== -->
	<ThingDef ParentName="MorrowRim_Dunmer_ArmourCuirass_OrdinatorRegular">
		<defName>MorrowRim_Dunmer_ArmourCuirass_OrdinatorRegular_Alternate</defName>
		<label>Ordinator priest cuirass</label>
		<graphicData>
			<texPath>Things/Pawn/Humanlike/Apparel/MorrowRim_Ordinator/Ordinator_Regular_Alternate/Ordinator_Regular_Alternate_Armour_Item</texPath>
		</graphicData>
		<equippedStatOffsets Inherit="False">
			<MoveSpeed>-0.8</MoveSpeed>
			<ConversionPower MayRequire="Ludeon.RimWorld.Ideology">0.15</ConversionPower>
			<MeleeHitChance>1</MeleeHitChance>
			<MeleeDodgeChance>5</MeleeDodgeChance>
		</equippedStatOffsets>
		<apparel>
			<wornGraphicPath>Things/Pawn/Humanlike/Apparel/MorrowRim_Ordinator/Ordinator_Regular_Alternate/Ordinator_Regular_Alternate_Armour</wornGraphicPath>		
			<tags>
				<li>MorrowRim_Dunmer_OrdinatorArmour_RegularAlternate</li>
			</tags>
		</apparel>
	</ThingDef>
	<!-- ==========[MorrowRim_Dunmer_ArmourHelmet_OrdinatorRegular]========== -->
	<ThingDef ParentName="MorrowRim_Dunmer_ArmourHelmet_OrdinatorRegular">
		<defName>MorrowRim_Dunmer_ArmourHelmet_OrdinatorRegular_Alternate</defName>
		<label>Ordinator priest helmet</label>
		<graphicData>
			<texPath>Things/Pawn/Humanlike/Apparel/MorrowRim_Ordinator/Ordinator_Regular_Alternate/Ordinator_Regular_Alternate_Helmet_Item</texPath>
		</graphicData>
		<statBases>
			<ArmorRating_Sharp>0.44</ArmorRating_Sharp>
			<ArmorRating_Blunt>0.24</ArmorRating_Blunt>
			<Insulation_Cold>5</Insulation_Cold>
			<Insulation_Heat>8</Insulation_Heat>
		</statBases>
		<equippedStatOffsets Inherit="False">
			<ShootingAccuracyPawn>-0.1</ShootingAccuracyPawn>
			<ConversionPower MayRequire="Ludeon.RimWorld.Ideology">0.15</ConversionPower>
			<MeleeHitChance>1</MeleeHitChance>
			<MeleeDodgeChance>5</MeleeDodgeChance>
		</equippedStatOffsets>
		<apparel>
			<wornGraphicPath>Things/Pawn/Humanlike/Apparel/MorrowRim_Ordinator/Ordinator_Regular_Alternate/Ordinator_Regular_Alternate_Helmet</wornGraphicPath>
			<tags>
				<li>MorrowRim_Dunmer_OrdinatorArmour_RegularAlternate</li>
			</tags>
		</apparel>
	</ThingDef>
</Defs>
