﻿<?xml version="1.0" encoding="utf-8"?>
<Defs>
	<!-- ====================[Regular Set]====================-->
	<!-- 
		Compared to regular bonemold
		- armour ratings reduced by ~50 %
		- weight reduced by ~75 %
		- hitpoints reduced by ~50%
		- work to make reduced by ~30 %
	-->
	<!-- ==========[MorrowRim_Dunmer_ArmourCuirass_ChitinRegular]========== -->
	<ThingDef ParentName="MorrowRim_Dunmer_ArmourMakeable_Chitin" Name="MorrowRim_Dunmer_ArmourCuirass_ChitinRegular">
		<defName>MorrowRim_Dunmer_ArmourCuirass_ChitinRegular</defName>
		<label>chitin cuirass</label>
		<description>A relatively standard cuirass, made of flexible insect chitin. Offers reasonable protection, and is rather light.\n\nTypically favoured by Ashlanders, bandits, and mercenaries.</description>
		<recipeMaker>
			<skillRequirements>
				<Crafting>5</Crafting>
			</skillRequirements>
		</recipeMaker>
		<graphicData>
			<texPath>Things/Pawn/Humanlike/Apparel/MorrowRim_Chitin/Chitin_Regular/Chitin_Regular_Armour_Item</texPath>
		</graphicData>
		<costList>
			<InsectChitin>100</InsectChitin>
		</costList>
		<statBases>
			<WorkToMake>26000</WorkToMake>
			<MaxHitPoints>110</MaxHitPoints>
			<Mass>6</Mass>
			<Flammability>0.2</Flammability>
			<ArmorRating_Sharp>0.32</ArmorRating_Sharp>
			<ArmorRating_Blunt>0.15</ArmorRating_Blunt>
			<ArmorRating_Heat>0.4</ArmorRating_Heat>
			<Insulation_Heat>4</Insulation_Heat>
			<EquipDelay>8</EquipDelay>
		</statBases>
		<equippedStatOffsets>
			<MoveSpeed>-0.3</MoveSpeed>
		</equippedStatOffsets>
		<apparel>
			<bodyPartGroups>
				<li>Torso</li>
				<li>Neck</li>
				<li>Shoulders</li>
				<li>Arms</li>
				<li>Legs</li>
			</bodyPartGroups>
			<wornGraphicPath>Things/Pawn/Humanlike/Apparel/MorrowRim_Chitin/Chitin_Regular/Chitin_Regular_Armour</wornGraphicPath>
			<layers>
				<li>Middle</li>
				<li>Shell</li>
			</layers>
			<tags>
				<li>MorrowRim_Dunmer_ChitinArmour_Standard</li>
			</tags>
		</apparel>
		<tradeTags>
			<li>MorrowRim_Dunmer_AshlanderArmour</li>
			<li>MorrowRim_Dunmer_FactionlessArmour_Chitin</li>
		</tradeTags>
	</ThingDef>
	<!-- ==========[MorrowRim_Dunmer_ArmourHelmet_ChitinRegular]========== -->
	<ThingDef ParentName="MorrowRim_Dunmer_ArmourMakeable_Chitin" Name="MorrowRim_Dunmer_ArmourHelmet_ChitinRegular">
		<defName>MorrowRim_Dunmer_ArmourHelmet_ChitinRegular</defName>
		<label>chitin helmet</label>
		<description>A relatively standard helmet, made of flexible insect chitin. Offers reasonable protection, and is somewhat light.\n\nTypically favoured by Ashlanders, bandits, and mercenaries.</description>
		<recipeMaker>
			<skillRequirements>
				<Crafting>5</Crafting>
			</skillRequirements>
		</recipeMaker>
		<graphicData>
			<texPath>Things/Pawn/Humanlike/Apparel/MorrowRim_Chitin/Chitin_Regular/Chitin_Regular_Helmet_Item</texPath>
		</graphicData>
		<costList>
			<InsectChitin>30</InsectChitin>
		</costList>
		<statBases>
			<WorkToMake>4700</WorkToMake>
			<MaxHitPoints>60</MaxHitPoints>
			<Mass>0.7</Mass>
			<Flammability>0.2</Flammability>
			<ArmorRating_Sharp>0.18</ArmorRating_Sharp>
			<ArmorRating_Blunt>0.10</ArmorRating_Blunt>
			<ArmorRating_Heat>0.2</ArmorRating_Heat>
			<Insulation_Heat>3</Insulation_Heat>
			<EquipDelay>1.2</EquipDelay>
		</statBases>
		<equippedStatOffsets>
			<ShootingAccuracyPawn>-0.1</ShootingAccuracyPawn>
		</equippedStatOffsets>
		<apparel>
			<countsAsClothingForNudity>false</countsAsClothingForNudity>
			<bodyPartGroups>
				<li>FullHead</li>
			</bodyPartGroups>
			<wornGraphicPath>Things/Pawn/Humanlike/Apparel/MorrowRim_Chitin/Chitin_Regular/Chitin_Regular_Helmet</wornGraphicPath>
			<layers>
				<li>EyeCover</li>
				<li>Overhead</li>
			</layers>
			<tags>
				<li>MorrowRim_Dunmer_ChitinArmour_Standard</li>
			</tags>
		</apparel>
		<tradeTags>
			<li>MorrowRim_Dunmer_AshlanderArmour</li>
			<li>MorrowRim_Dunmer_FactionlessArmour_Chitin</li>
		</tradeTags>
	</ThingDef>
	<!-- ==========[MorrowRim_Dunmer_ArmourBoots_ChitinRegular]========== -->
	<ThingDef ParentName="MorrowRim_Dunmer_ArmourMakeable_Chitin" Name="MorrowRim_Dunmer_ArmourBoots_ChitinRegular">
		<defName>MorrowRim_Dunmer_ArmourBoots_ChitinRegular</defName>
		<label>chitin boots</label>
		<description>A pair of standard boots, made of flexible insect chitin. Offers reasonable protection, but slows movement slightly.\n\nTypically favoured by Ashlanders, bandits, and mercenaries.</description>
		<recipeMaker>
			<skillRequirements>
				<Crafting>3</Crafting>
			</skillRequirements>
		</recipeMaker>
		<graphicData>
			<texPath>Things/Pawn/Humanlike/Apparel/MorrowRim_Chitin/Chitin_Regular/Chitin_Regular_Boots</texPath>
		</graphicData>
		<costList>
			<InsectChitin>30</InsectChitin>
		</costList>
		<statBases>
			<WorkToMake>4700</WorkToMake>
			<MaxHitPoints>60</MaxHitPoints>
			<Mass>0.7</Mass>
			<Flammability>0.2</Flammability>
			<ArmorRating_Sharp>0.18</ArmorRating_Sharp>
			<ArmorRating_Blunt>0.10</ArmorRating_Blunt>
			<ArmorRating_Heat>0.2</ArmorRating_Heat>
			<Insulation_Heat>3</Insulation_Heat>
			<EquipDelay>1.2</EquipDelay>
		</statBases>
		<equippedStatOffsets>
			<MoveSpeed>-0.05</MoveSpeed>
		</equippedStatOffsets>
		<apparel>
			<bodyPartGroups>
				<li>Feet</li>
			</bodyPartGroups>
			<layers>
				<li>Middle</li>
			</layers>
			<tags>
				<li>MorrowRim_Dunmer_ChitinArmour_Standard</li>
			</tags>
		</apparel>
		<tradeTags>
			<li>MorrowRim_Dunmer_AshlanderArmour</li>
			<li>MorrowRim_Dunmer_FactionlessArmour_Chitin</li>
		</tradeTags>
	</ThingDef>
	<!-- ==========[MorrowRim_Dunmer_ArmourGauntlets_ChitinRegular]========== -->
	<ThingDef ParentName="MorrowRim_Dunmer_ArmourMakeable_Chitin" Name="MorrowRim_Dunmer_ArmourGauntlets_ChitinRegular">
		<defName>MorrowRim_Dunmer_ArmourGauntlets_ChitinRegular</defName>
		<label>chitin gauntlets</label>
		<description>A pair of standard gauntlets, made of flexible insect chitin. Offers reasonable protection, but gets in the way while working.\n\nTypically favoured by Ashlanders, bandits, and mercenaries.</description>
		<recipeMaker>
			<skillRequirements>
				<Crafting>3</Crafting>
			</skillRequirements>
		</recipeMaker>
		<graphicData>
			<texPath>Things/Pawn/Humanlike/Apparel/MorrowRim_Chitin/Chitin_Regular/Chitin_Regular_Gauntlets</texPath>
		</graphicData>
		<costList>
			<InsectChitin>30</InsectChitin>
		</costList>
		<statBases>
			<WorkToMake>4700</WorkToMake>
			<MaxHitPoints>60</MaxHitPoints>
			<Mass>0.7</Mass>
			<Flammability>0.2</Flammability>
			<ArmorRating_Sharp>0.18</ArmorRating_Sharp>
			<ArmorRating_Blunt>0.10</ArmorRating_Blunt>
			<ArmorRating_Heat>0.2</ArmorRating_Heat>
			<Insulation_Heat>3</Insulation_Heat>
			<EquipDelay>1.2</EquipDelay>
		</statBases>
		<equippedStatOffsets>
			<WorkSpeedGlobal>-0.05</WorkSpeedGlobal>
		</equippedStatOffsets>
		<apparel>
			<bodyPartGroups>
				<li>Hands</li>
			</bodyPartGroups>
			<layers>
				<li>Middle</li>
			</layers>
			<tags>
				<li>MorrowRim_Dunmer_ChitinArmour_Standard</li>
			</tags>
		</apparel>
		<tradeTags>
			<li>MorrowRim_Dunmer_AshlanderArmour</li>
			<li>MorrowRim_Dunmer_FactionlessArmour_Chitin</li>
		</tradeTags>
	</ThingDef>
	<!-- ====================[Ash mask]====================-->
	<!--
		- Armour reduced by an additional 5% compared to regular chitin helmet
		- Temperature resistances increased slightly
	-->
	<!-- ==========[MorrowRim_Dunmer_ArmourHelmet_ChitinAshMask]========== -->
	<ThingDef ParentName="MorrowRim_Dunmer_ArmourHelmet_ChitinRegular">
		<defName>MorrowRim_Dunmer_ArmourHelmet_ChitinAshMask</defName>
		<label>chitin ash mask</label>
		<description>A slightly peculiar chitin helmet, designed for those that frequent the ashlands. An inbuilt filtration system helps to keep ash out of the wearers lungs, and is also reasonably effective at filtering out airborne toxins.\n\nTypically favoured by Ashlanders, bandits, and mercenaries.</description>
		<recipeMaker>
			<skillRequirements>
				<Crafting>5</Crafting>
			</skillRequirements>
		</recipeMaker>
		<graphicData>
			<texPath>Things/Pawn/Humanlike/Apparel/MorrowRim_Chitin/Chitin_AshMask/Chitin_AshMask_Helmet_Item</texPath>
		</graphicData>
		<costList Inherit="False">
			<Cloth>20</Cloth>
			<InsectChitin>20</InsectChitin>
		</costList>
		<statBases>
			<ArmorRating_Sharp>0.16</ArmorRating_Sharp>
			<ArmorRating_Blunt>0.08</ArmorRating_Blunt>
			<ArmorRating_Heat>0.15</ArmorRating_Heat>
			<Insulation_Cold>3</Insulation_Cold>
			<Insulation_Heat>5</Insulation_Heat>
			<EquipDelay>1.2</EquipDelay>
		</statBases>
		<equippedStatOffsets>
			<ToxicEnvironmentResistance>0.4</ToxicEnvironmentResistance>
		</equippedStatOffsets>
		<apparel>
			<immuneToToxGasExposure>true</immuneToToxGasExposure>
			<wornGraphicPath>Things/Pawn/Humanlike/Apparel/MorrowRim_Chitin/Chitin_AshMask/Chitin_AshMask_Helmet</wornGraphicPath>
			<tags>
				<li>MorrowRim_Dunmer_ChitinArmour_Standard</li>
			</tags>
		</apparel>
	</ThingDef>
</Defs>
