﻿<?xml version="1.0" encoding="utf-8"?>
<Defs>
	<!-- ==========[MorrowRim_Dunmer_ArmourCuirass_BonemoldArmunAn]========== -->
	<ThingDef ParentName="MorrowRim_Dunmer_ArmourMakeable_Bonemold">
		<defName>MorrowRim_Dunmer_ArmourCuirass_BonemoldArmunAn</defName>
		<label>Armun-An cuirass</label>
		<description>A traditional bonemold cuirass, made in the Armun-An style. While rather similar in design to the standard bonemold cuirass, the modified pauldron design ensures everyone knows who is in charge.\n\nTypically favoured by members of Great House Hlaalu, it is also commonly worn by both mercenaries and reavers.</description>
		<recipeMaker>
			<researchPrerequisites>
				<li>MorrowRim_Dunmer_HlaaluArmour</li>
			</researchPrerequisites>
			<skillRequirements>
				<Crafting>8</Crafting>
			</skillRequirements>
		</recipeMaker>
		<graphicData>
			<texPath>Things/Pawn/Humanlike/Apparel/MorrowRim_Bonemold/Bonemold_Hlaalu_ArmunAn/Bonemold_Hlaalu_ArmunAn_Armour_Item</texPath>
		</graphicData>
		<costList>
			<Steel>20</Steel>
			<ESCP_BonemoldItem>170</ESCP_BonemoldItem>
		</costList>
		<statBases>
			<WorkToMake>38000</WorkToMake>
			<MaxHitPoints>230</MaxHitPoints>
			<Mass>12</Mass>
			<Flammability>0.2</Flammability>
			<!-- 5% higher than standard -->
			<ArmorRating_Sharp>0.70</ArmorRating_Sharp>
			<!-- 5% higher than standard -->
			<ArmorRating_Blunt>0.35</ArmorRating_Blunt>
			<ArmorRating_Heat>0.6</ArmorRating_Heat>
			<Insulation_Cold>2</Insulation_Cold>
			<Insulation_Heat>8</Insulation_Heat>
			<EquipDelay>15</EquipDelay>
		</statBases>
		<equippedStatOffsets>
			<MoveSpeed>-0.6</MoveSpeed>
			<ArrestSuccessChance>0.1</ArrestSuccessChance>
		</equippedStatOffsets>
		<apparel>
			<bodyPartGroups>
				<li>Torso</li>
				<li>Neck</li>
				<li>Shoulders</li>
				<li>Arms</li>
				<li>Legs</li>
			</bodyPartGroups>
			<wornGraphicPath>Things/Pawn/Humanlike/Apparel/MorrowRim_Bonemold/Bonemold_Hlaalu_ArmunAn/Bonemold_Hlaalu_ArmunAn_Armour</wornGraphicPath>
			<layers>
				<li>Middle</li>
				<li>Shell</li>
			</layers>
			<tags>
				<li>MorrowRim_Dunmer_BonemoldArmour_HlaaluBasic</li>
				<li>MorrowRim_Dunmer_BonemoldArmour_ArmunAn</li>
			</tags>
		</apparel>
		<tradeTags>
			<li>MorrowRim_Dunmer_HlaaluArmour_Basic</li>
		</tradeTags>
	</ThingDef>
	<!-- ==========[MorrowRim_Dunmer_ArmourHelmet_BonemoldArmunAn]========== -->
	<ThingDef ParentName="MorrowRim_Dunmer_ArmourMakeable_Bonemold">
		<defName>MorrowRim_Dunmer_ArmourHelmet_BonemoldArmunAn</defName>
		<label>Armun-An helmet</label>
		<description>A traditional bonemold helmet, made in the Armun-An style. While it offers no improvement over the regular bonemold helmet in terms of protection, its association with Great House Hlaalu does tend to loosen both coin pouches and tongues.\n\nTypically favoured by members of Great House Hlaalu, it is also commonly worn by both mercenaries and reavers.</description>
		<recipeMaker>
			<researchPrerequisites>
				<li>MorrowRim_Dunmer_HlaaluArmour</li>
			</researchPrerequisites>
			<skillRequirements>
				<Crafting>8</Crafting>
			</skillRequirements>
		</recipeMaker>
		<graphicData>
			<texPath>Things/Pawn/Humanlike/Apparel/MorrowRim_Bonemold/Bonemold_Hlaalu_ArmunAn/Bonemold_Hlaalu_ArmunAn_Helmet_Item</texPath>
		</graphicData>
		<costList>
			<ESCP_BonemoldItem>50</ESCP_BonemoldItem>
		</costList>
		<statBases>
			<WorkToMake>6800</WorkToMake>
			<MaxHitPoints>120</MaxHitPoints>
			<Mass>2.2</Mass>
			<Flammability>0.2</Flammability>
			<ArmorRating_Sharp>0.34</ArmorRating_Sharp>
			<ArmorRating_Blunt>0.18</ArmorRating_Blunt>
			<ArmorRating_Heat>0.4</ArmorRating_Heat>
			<Insulation_Heat>5</Insulation_Heat>
			<EquipDelay>2.5</EquipDelay>
		</statBases>
		<equippedStatOffsets>
			<ShootingAccuracyPawn>-0.1</ShootingAccuracyPawn>
			<NegotiationAbility>0.1</NegotiationAbility>
			<TradePriceImprovement>0.1</TradePriceImprovement>
		</equippedStatOffsets>
		<apparel>
			<bodyPartGroups>
				<li>FullHead</li>
			</bodyPartGroups>
			<wornGraphicPath>Things/Pawn/Humanlike/Apparel/MorrowRim_Bonemold/Bonemold_Hlaalu_ArmunAn/Bonemold_Hlaalu_ArmunAn_Helmet</wornGraphicPath>
			<layers>
				<li>EyeCover</li>
				<li>Overhead</li>
			</layers>
			<tags>
				<li>MorrowRim_Dunmer_BonemoldArmour_HlaaluBasic</li>
				<li>MorrowRim_Dunmer_BonemoldArmour_ArmunAn</li>
			</tags>
		</apparel>
		<tradeTags>
			<li>MorrowRim_Dunmer_HlaaluArmour_Basic</li>
		</tradeTags>
	</ThingDef>
</Defs>
