﻿<?xml version="1.0" encoding="utf-8"?>
<Defs>
	<!-- ====================[Regular Set]====================-->
	<!-- ==========[MorrowRim_Dunmer_ArmourCuirass_BonemoldGahJulan]========== -->
	<ThingDef ParentName="MorrowRim_Dunmer_ArmourMakeable_Bonemold">
		<defName>MorrowRim_Dunmer_ArmourCuirass_BonemoldGahJulan</defName>
		<label>Gah-Julan cuirass</label>
		<description>A traditional bonemold cuirass, made in the Gah-Julan style. Specially designed for life in the ashlands, offers additional protection compared to the regular bonemold cuirass. The cloth scarf helps to keep out the ash during a storm, though there's only so much it can help.\n\nTypically favoured by members of Great House Redoran, and those that frequently travel the ashen wastes.</description>
		<recipeMaker>
			<researchPrerequisites>
				<li>MorrowRim_Dunmer_RedoranArmour</li>
			</researchPrerequisites>
			<skillRequirements>
				<Crafting>8</Crafting>
			</skillRequirements>
		</recipeMaker>
		<graphicData>
			<texPath>Things/Pawn/Humanlike/Apparel/MorrowRim_Bonemold/Bonemold_Redoran_GahJulan/Bonemold_Redoran_GahJulan_Armour_Item</texPath>
		</graphicData>
		<costList>
			<Cloth>30</Cloth>
			<ESCP_BonemoldItem>170</ESCP_BonemoldItem>
		</costList>
		<statBases>
			<WorkToMake>38000</WorkToMake>
			<MaxHitPoints>250</MaxHitPoints>
			<Mass>15</Mass>
			<Flammability>0.2</Flammability>
			<!-- 10% higher than standard -->
			<ArmorRating_Sharp>0.75</ArmorRating_Sharp>
			<!-- 10% higher than standard -->
			<ArmorRating_Blunt>0.40</ArmorRating_Blunt>
			<ArmorRating_Heat>0.6</ArmorRating_Heat>
			<!-- 2 higher than standard -->
			<Insulation_Cold>4</Insulation_Cold>
			<!-- 4 higher than standard -->
			<Insulation_Heat>12</Insulation_Heat>
			<EquipDelay>15</EquipDelay>
		</statBases>
		<equippedStatOffsets>
			<!-- 0.2 higher than standard -->
			<MoveSpeed>-0.8</MoveSpeed>
		</equippedStatOffsets>
		<apparel>
			<bodyPartGroups>
				<li>Torso</li>
				<li>Neck</li>
				<li>Shoulders</li>
				<li>Arms</li>
				<li>Legs</li>
			</bodyPartGroups>
			<wornGraphicPath>Things/Pawn/Humanlike/Apparel/MorrowRim_Bonemold/Bonemold_Redoran_GahJulan/Bonemold_Redoran_GahJulan_Armour</wornGraphicPath>
			<layers>
				<li>Middle</li>
				<li>Shell</li>
			</layers>
			<tags>
				<li>MorrowRim_Dunmer_BonemoldArmour_RedoranBasic</li>
				<li>MorrowRim_Dunmer_BonemoldArmour_GahJulan</li>
			</tags>
		</apparel>
		<tradeTags>
			<li>MorrowRim_Dunmer_RedoranArmour_Basic</li>
		</tradeTags>
	</ThingDef>
	<!-- ==========[MorrowRim_Dunmer_ArmourHelmet_BonemoldGahJulan]========== -->
	<ThingDef ParentName="MorrowRim_Dunmer_ArmourMakeable_Bonemold">
		<defName>MorrowRim_Dunmer_ArmourHelmet_BonemoldGahJulan</defName>
		<label>Gah-Julan helmet</label>
		<description>A traditional bonemold helmet, made in the Gah-Julan style. While it offers reduced protection compared to the regular bonemold helmet, the cloth cowl helps dealing with the heat of the ashlands, and the bonemold visor design helps to keep ash out of the eyes during a storm.\n\nTypically favoured by members of Great House Redoran, and those that frequently travel the ashen wastes.</description>
		<recipeMaker>
			<researchPrerequisites>
				<li>MorrowRim_Dunmer_RedoranArmour</li>
			</researchPrerequisites>
			<skillRequirements>
				<Crafting>8</Crafting>
			</skillRequirements>
		</recipeMaker>
		<graphicData>
			<texPath>Things/Pawn/Humanlike/Apparel/MorrowRim_Bonemold/Bonemold_Redoran_GahJulan/Bonemold_Redoran_GahJulan_Helmet_Item</texPath>
		</graphicData>
		<costList>
			<Cloth>30</Cloth>
			<ESCP_BonemoldItem>40</ESCP_BonemoldItem>
		</costList>
		<statBases>
			<WorkToMake>6800</WorkToMake>
			<MaxHitPoints>120</MaxHitPoints>
			<Mass>2.0</Mass>
			<Flammability>0.2</Flammability>
			<!-- 4% lower than standard -->
			<ArmorRating_Sharp>0.30</ArmorRating_Sharp>
			<!-- 4% lower than standard -->
			<ArmorRating_Blunt>0.14</ArmorRating_Blunt>
			<ArmorRating_Heat>0.4</ArmorRating_Heat>
			<!-- 5 higher than standard -->
			<Insulation_Cold>5</Insulation_Cold>
			<!-- 5 higher than standard -->
			<Insulation_Heat>10</Insulation_Heat>
			<EquipDelay>2.5</EquipDelay>
		</statBases>
		<equippedStatOffsets>
			<ShootingAccuracyPawn>-0.1</ShootingAccuracyPawn>
		</equippedStatOffsets>
		<apparel>
			<bodyPartGroups>
				<li>FullHead</li>
			</bodyPartGroups>
			<wornGraphicPath>Things/Pawn/Humanlike/Apparel/MorrowRim_Bonemold/Bonemold_Redoran_GahJulan/Bonemold_Redoran_GahJulan_Helmet</wornGraphicPath>
			<layers>
				<li>EyeCover</li>
				<li>Overhead</li>
			</layers>
			<tags>
				<li>MorrowRim_Dunmer_BonemoldArmour_RedoranBasic</li>
				<li>MorrowRim_Dunmer_BonemoldArmour_GahJulan</li>
			</tags>
		</apparel>
		<tradeTags>
			<li>MorrowRim_Dunmer_RedoranArmour_Basic</li>
		</tradeTags>
	</ThingDef>
	<!-- ====================[Masters Set]====================-->
	<!--
		- Armour rating increased by 40% over basic bonemold
	-->
	<!-- ==========[MorrowRim_Dunmer_ArmourHelmet_BonemoldRedoranMaster]========== -->
	<ThingDef ParentName="MorrowRim_Dunmer_ArmourMakeable_BonemoldRoyal">
		<defName>MorrowRim_Dunmer_ArmourHelmet_BonemoldRedoranMaster</defName>
		<label>Redoran master helmet</label>
		<description>An ornate bonemold helmet, typically reserved for high ranking members of Great House Redoran. While people seem to always agree with the wearers of these helmets, it is rather difficult to see out of.</description>
		<recipeMaker>
			<researchPrerequisites>
				<li>MorrowRim_Dunmer_RedoranArmourElite</li>
			</researchPrerequisites>
			<skillRequirements>
				<Crafting>12</Crafting>
			</skillRequirements>
		</recipeMaker>
		<graphicData>
			<texPath>Things/Pawn/Humanlike/Apparel/MorrowRim_Bonemold/Bonemold_Redoran_Master/Bonemold_Redoran_Master_Helmet_Item</texPath>
		</graphicData>
		<costList>
			<Dye>20</Dye>
			<Cloth>40</Cloth>
			<Steel>15</Steel>
			<ESCP_BonemoldItem>50</ESCP_BonemoldItem>
		</costList>
		<statBases>
			<WorkToMake>1000</WorkToMake>
			<MaxHitPoints>150</MaxHitPoints>
			<Mass>2.2</Mass>
			<Flammability>0.2</Flammability>
			<ArmorRating_Sharp>0.47</ArmorRating_Sharp>
			<ArmorRating_Blunt>0.25</ArmorRating_Blunt>
			<ArmorRating_Heat>0.4</ArmorRating_Heat>
			<Insulation_Cold>7</Insulation_Cold>
			<Insulation_Heat>12</Insulation_Heat>
			<EquipDelay>2.5</EquipDelay>
		</statBases>
		<equippedStatOffsets>
			<ShootingAccuracyPawn>-0.1</ShootingAccuracyPawn>
			<WorkSpeedGlobal>-0.1</WorkSpeedGlobal>
			<NegotiationAbility>0.2</NegotiationAbility>
			<SocialImpact>0.2</SocialImpact>
		</equippedStatOffsets>
		<apparel>
			<bodyPartGroups>
				<li>FullHead</li>
			</bodyPartGroups>
			<wornGraphicPath>Things/Pawn/Humanlike/Apparel/MorrowRim_Bonemold/Bonemold_Redoran_Master/Bonemold_Redoran_Master_Helmet</wornGraphicPath>
			<layers>
				<li>EyeCover</li>
				<li>Overhead</li>
			</layers>
			<tags>
				<li>MorrowRim_Dunmer_BonemoldArmour_Master</li>
			</tags>
		</apparel>
		<tradeTags>
			<li>MorrowRim_Dunmer_RedoranArmour_Noble</li>
		</tradeTags>
	</ThingDef>
</Defs>
