﻿<?xml version="1.0" encoding="utf-8"?>
<Defs>
	<!-- ==========[MorrowRim_Dunmer_ArmourCuirass_BonemoldGahTel]========== -->
	<ThingDef ParentName="MorrowRim_Dunmer_ArmourMakeable_Bonemold">
		<defName>MorrowRim_Dunmer_ArmourCuirass_BonemoldGahTel</defName>
		<label>Gah-Tel cuirass</label>
		<description>A traditional bonemold cuirass, made in the Gah-Tel style. Styled after the emperor parasol, surprisingly bulky for armour traditionally worn by the Telvanni, the pauldrons help dissipate neural heat.\n\nTypically favoured by members of Great House Telvanni, and those with an interest in psycasts.</description>
		<recipeMaker>
			<researchPrerequisites>
				<li>MorrowRim_Dunmer_TelvanniArmour</li>
			</researchPrerequisites>
			<skillRequirements>
				<Crafting>8</Crafting>
			</skillRequirements>
		</recipeMaker>
		<graphicData>
			<texPath>Things/Pawn/Humanlike/Apparel/MorrowRim_Bonemold/Bonemold_Telvanni_GahTel/Bonemold_Telvanni_GahTel_Armour_Item</texPath>
		</graphicData>
		<costList>
			<Cloth>30</Cloth>
			<ESCP_BonemoldItem>170</ESCP_BonemoldItem>
		</costList>
		<statBases>
			<WorkToMake>38000</WorkToMake>
			<MaxHitPoints>250</MaxHitPoints>
			<Mass>15</Mass>
			<Flammability>0.2</Flammability>
			<!-- 10% higher than standard -->
			<ArmorRating_Sharp>0.75</ArmorRating_Sharp>
			<ArmorRating_Blunt>0.30</ArmorRating_Blunt>
			<!-- 10% higher than standard -->
			<ArmorRating_Heat>0.7</ArmorRating_Heat>
			<Insulation_Cold>2</Insulation_Cold>
			<Insulation_Heat>8</Insulation_Heat>
			<EquipDelay>15</EquipDelay>
		</statBases>
		<equippedStatOffsets>
			<!-- 0.2 higher than standard -->
			<MoveSpeed>-0.8</MoveSpeed>
			<PsychicEntropyRecoveryRate MayRequireAnyOf="Ludeon.RimWorld.Royalty,Ludeon.RimWorld.Biotech">0.3</PsychicEntropyRecoveryRate>
		</equippedStatOffsets>
		<apparel>
			<bodyPartGroups>
				<li>Torso</li>
				<li>Neck</li>
				<li>Shoulders</li>
				<li>Arms</li>
				<li>Legs</li>
			</bodyPartGroups>
			<wornGraphicPath>Things/Pawn/Humanlike/Apparel/MorrowRim_Bonemold/Bonemold_Telvanni_GahTel/Bonemold_Telvanni_GahTel_Armour</wornGraphicPath>
			<layers>
				<li>Middle</li>
				<li>Shell</li>
			</layers>
			<tags>
				<li>MorrowRim_Dunmer_BonemoldArmour_TelvanniBasic</li>
				<li>MorrowRim_Dunmer_BonemoldArmour_GahTel</li>
			</tags>
		</apparel>
		<tradeTags>
			<li>MorrowRim_Dunmer_TelvanniArmour_Basic</li>
		</tradeTags>
	</ThingDef>
	<!-- ==========[MorrowRim_Dunmer_ArmourHelmet_BonemoldGahTel]========== -->
	<ThingDef ParentName="MorrowRim_Dunmer_ArmourMakeable_Bonemold">
		<defName>MorrowRim_Dunmer_ArmourHelmet_BonemoldGahTel</defName>
		<label>Gah-Tel helmet</label>
		<description>A traditional bonemold helmet, made in the Gah-Tel style. While it offers reduced physical protection compared to the regular bonemold helmet, the design allows heat to easily dissipate, and the inbuilt filtration system offers increased protection against toxic environments.\n\nTypically favoured by members of Great House Telvanni, and those that frequent swampy regions.</description>
		<recipeMaker>
			<researchPrerequisites>
				<li>MorrowRim_Dunmer_TelvanniArmour</li>
			</researchPrerequisites>
			<skillRequirements>
				<Crafting>8</Crafting>
			</skillRequirements>
		</recipeMaker>
		<graphicData>
			<texPath>Things/Pawn/Humanlike/Apparel/MorrowRim_Bonemold/Bonemold_Telvanni_GahTel/Bonemold_Telvanni_GahTel_Helmet_Item</texPath>
		</graphicData>
		<costList>
			<Cloth>30</Cloth>
			<ESCP_BonemoldItem>45</ESCP_BonemoldItem>
		</costList>
		<statBases>
			<WorkToMake>6800</WorkToMake>
			<MaxHitPoints>120</MaxHitPoints>
			<Mass>2.0</Mass>
			<Flammability>0.2</Flammability>
			<!-- 8% lower than standard -->
			<ArmorRating_Sharp>0.26</ArmorRating_Sharp>
			<!-- 4% lower than standard -->
			<ArmorRating_Blunt>0.14</ArmorRating_Blunt>
			<!-- 15% higher than standard -->
			<ArmorRating_Heat>0.75</ArmorRating_Heat>
			<!-- 5 higher than standard -->
			<Insulation_Heat>10</Insulation_Heat>
			<EquipDelay>2.5</EquipDelay>
		</statBases>
		<equippedStatOffsets>
			<ShootingAccuracyPawn>-0.1</ShootingAccuracyPawn>
			<ToxicEnvironmentResistance>0.5</ToxicEnvironmentResistance>
		</equippedStatOffsets>
		<apparel>
			<immuneToToxGasExposure>true</immuneToToxGasExposure>
			<bodyPartGroups>
				<li>FullHead</li>
			</bodyPartGroups>
			<wornGraphicPath>Things/Pawn/Humanlike/Apparel/MorrowRim_Bonemold/Bonemold_Telvanni_GahTel/Bonemold_Telvanni_GahTel_Helmet</wornGraphicPath>
			<layers>
				<li>EyeCover</li>
				<li>Overhead</li>
			</layers>
			<tags>
				<li>MorrowRim_Dunmer_BonemoldArmour_TelvanniBasic</li>
				<li>MorrowRim_Dunmer_BonemoldArmour_GahTel</li>
			</tags>
		</apparel>
		<tradeTags>
			<li>MorrowRim_Dunmer_TelvanniArmour_Basic</li>
		</tradeTags>
	</ThingDef>
</Defs>
