﻿<?xml version="1.0" encoding="utf-8"?>
<Defs>
	<!--
		- 20% heavier
		- 20% better defence
		- 40% more work to craft
	-->
	<!-- ==========[MorrowRim_Dunmer_ArmourCuirass_OrdinatorHigh]========== -->
	<ThingDef ParentName="MorrowRim_Dunmer_ArmourMakeable_Ordinator" Name="MorrowRim_Dunmer_ArmourCuirass_OrdinatorHigh">
		<defName>MorrowRim_Dunmer_ArmourCuirass_OrdinatorHigh</defName>
		<label>high Ordinator cuirass</label>
		<description>An exquisitely crafted cuirass, made from a mixture of both adamantium and ebony, and adorned with the finest of silks, historically worn by only the most skilled of warriors. Provides unparalleled protection, and strikes fear into the hearts of all that witness it.</description>
		<recipeMaker>
			<researchPrerequisites>
				<li>MorrowRim_Dunmer_HighOrdinatorArmour</li>
			</researchPrerequisites>
			<skillRequirements>
				<Crafting>16</Crafting>
			</skillRequirements>
		</recipeMaker>
		<graphicData>
			<texPath>Things/Pawn/Humanlike/Apparel/MorrowRim_Ordinator/Ordinator_High/Ordinator_High_Armour_Item</texPath>
		</graphicData>
		<costList>
			<Gold>2</Gold>
			<Dye>25</Dye>
			<Cloth>50</Cloth>
			<ESCP_BonemoldItem>25</ESCP_BonemoldItem>
			<MorrowRim_Adamantium>80</MorrowRim_Adamantium>
			<Mashed_Ashlands_VolcanicEbony>120</Mashed_Ashlands_VolcanicEbony>
		</costList>
		<statBases>
			<Beauty>25</Beauty>
			<WorkToMake>63840</WorkToMake>
			<MaxHitPoints>1000</MaxHitPoints>
			<Mass>18</Mass>
			<Flammability>0.2</Flammability>
			<ArmorRating_Sharp>1.02</ArmorRating_Sharp>
			<ArmorRating_Blunt>0.60</ArmorRating_Blunt>
			<ArmorRating_Heat>0.72</ArmorRating_Heat>
			<Insulation_Cold>2</Insulation_Cold>
			<Insulation_Heat>8</Insulation_Heat>
			<EquipDelay>15</EquipDelay>
		</statBases>
		<equippedStatOffsets>
			<MoveSpeed>-1.0</MoveSpeed>
			<ArrestSuccessChance>0.2</ArrestSuccessChance>
			<MeleeHitChance>3</MeleeHitChance>
			<MeleeDodgeChance>15</MeleeDodgeChance>
			<ToxicResistance>0.1</ToxicResistance>
		</equippedStatOffsets>
		<apparel>
			<bodyPartGroups>
				<li>Torso</li>
				<li>Neck</li>
				<li>Shoulders</li>
				<li>Arms</li>
				<li>Legs</li>
			</bodyPartGroups>
			<wornGraphicPath>Things/Pawn/Humanlike/Apparel/MorrowRim_Ordinator/Ordinator_High/Ordinator_High_Armour</wornGraphicPath>
			<layers>
				<li>Middle</li>
				<li>Shell</li>
			</layers>
			<tags>
				<li>MorrowRim_Dunmer_OrdinatorArmour_High</li>
			</tags>
		</apparel>
	</ThingDef>
	<!-- ==========[MorrowRim_Dunmer_ArmourHelmet_OrdinatorHigh]========== -->
	<ThingDef ParentName="MorrowRim_Dunmer_ArmourMakeable_Ordinator" Name="MorrowRim_Dunmer_ArmourHelmet_OrdinatorHigh">
		<defName>MorrowRim_Dunmer_ArmourHelmet_OrdinatorHigh</defName>
		<label>high Ordinator helmet</label>
		<description>An exquisitely crafted helmet, made from a mixture of both adamantium and ebony, and adorned with the finest of silks, historically worn by only the most skilled of warriors. Provides unparalleled protection, and strikes fear into the hearts of all that witness it.</description>
		<recipeMaker>
			<researchPrerequisites>
				<li>MorrowRim_Dunmer_HighOrdinatorArmour</li>
			</researchPrerequisites>
			<skillRequirements>
				<Crafting>16</Crafting>
			</skillRequirements>
		</recipeMaker>
		<graphicData>
			<texPath>Things/Pawn/Humanlike/Apparel/MorrowRim_Ordinator/Ordinator_High/Ordinator_High_Helmet_Item</texPath>
		</graphicData>
		<costList>
			<Gold>1</Gold>
			<Dye>15</Dye>
			<Cloth>30</Cloth>
			<MorrowRim_Adamantium>30</MorrowRim_Adamantium>
			<Mashed_Ashlands_VolcanicEbony>30</Mashed_Ashlands_VolcanicEbony>
		</costList>
		<statBases>
			<Beauty>25</Beauty>
			<WorkToMake>9792</WorkToMake>
			<MaxHitPoints>400</MaxHitPoints>
			<Mass>3.4</Mass>
			<Flammability>0.2</Flammability>
			<ArmorRating_Sharp>0.457</ArmorRating_Sharp>
			<ArmorRating_Blunt>0.34</ArmorRating_Blunt>
			<ArmorRating_Heat>0.5</ArmorRating_Heat>
			<Insulation_Heat>5</Insulation_Heat>
			<EquipDelay>2.5</EquipDelay>
		</statBases>
		<equippedStatOffsets>
			<ShootingAccuracyPawn>-0.1</ShootingAccuracyPawn>
			<ArrestSuccessChance>0.2</ArrestSuccessChance>
			<MeleeHitChance>3</MeleeHitChance>
			<MeleeDodgeChance>15</MeleeDodgeChance>
			<ToxicResistance>0.1</ToxicResistance>
		</equippedStatOffsets>
		<apparel>
			<countsAsClothingForNudity>false</countsAsClothingForNudity>
			<bodyPartGroups>
				<li>FullHead</li>
			</bodyPartGroups>
			<wornGraphicPath>Things/Pawn/Humanlike/Apparel/MorrowRim_Ordinator/Ordinator_High/Ordinator_High_Helmet</wornGraphicPath>
			<layers>
				<li>EyeCover</li>
				<li>Overhead</li>
			</layers>
			<tags>
				<li>MorrowRim_Dunmer_OrdinatorArmour_High</li>
			</tags>
		</apparel>
	</ThingDef>
	<!-- ==========[MorrowRim_Dunmer_ArmourBoots_OrdinatorHigh]========== -->
	<ThingDef ParentName="MorrowRim_Dunmer_ArmourMakeable_Ordinator" Name="MorrowRim_Dunmer_ArmourBoots_OrdinatorHigh">
		<defName>MorrowRim_Dunmer_ArmourBoots_OrdinatorHigh</defName>
		<label>high Ordinator boots</label>
		<description>An exquisitely crafted pair of boots, made from a mixture of both adamantium and ebony, and adorned with the finest of silks, historically worn by only the most skilled of warriors. Provides unparalleled protection, and strikes fear into the hearts of all that witness it.</description>
		<recipeMaker>
			<researchPrerequisites>
				<li>MorrowRim_Dunmer_HighOrdinatorArmour</li>
			</researchPrerequisites>
			<skillRequirements>
				<Crafting>14</Crafting>
			</skillRequirements>
		</recipeMaker>
		<graphicData>
			<texPath>Things/Pawn/Humanlike/Apparel/MorrowRim_Ordinator/Ordinator_High/Ordinator_High_Boots</texPath>
		</graphicData>
		<costList>
			<Dye>15</Dye>
			<Cloth>30</Cloth>
			<ESCP_BonemoldItem>15</ESCP_BonemoldItem>
			<MorrowRim_Adamantium>30</MorrowRim_Adamantium>
			<Mashed_Ashlands_VolcanicEbony>30</Mashed_Ashlands_VolcanicEbony>
		</costList>
		<statBases>
			<Beauty>15</Beauty>
			<WorkToMake>9792</WorkToMake>
			<MaxHitPoints>400</MaxHitPoints>
			<Mass>3.4</Mass>
			<Flammability>0.2</Flammability>
			<ArmorRating_Sharp>0.457</ArmorRating_Sharp>
			<ArmorRating_Blunt>0.34</ArmorRating_Blunt>
			<ArmorRating_Heat>0.5</ArmorRating_Heat>
			<Insulation_Heat>5</Insulation_Heat>
			<EquipDelay>2.5</EquipDelay>
		</statBases>
		<equippedStatOffsets>
			<MoveSpeed>-0.3</MoveSpeed>
			<MeleeDodgeChance>10</MeleeDodgeChance>
			<ArrestSuccessChance>0.1</ArrestSuccessChance>
			<ToxicResistance>0.05</ToxicResistance>
		</equippedStatOffsets>
		<apparel>
			<bodyPartGroups>
				<li>Feet</li>
			</bodyPartGroups>
			<layers>
				<li>Middle</li>
			</layers>
			<tags>
				<li>MorrowRim_Dunmer_OrdinatorArmour_High</li>
			</tags>
		</apparel>
	</ThingDef>
	<!-- ==========[MorrowRim_Dunmer_ArmourGauntlets_OrdinatorHigh]========== -->
	<ThingDef ParentName="MorrowRim_Dunmer_ArmourMakeable_Ordinator" Name="MorrowRim_Dunmer_ArmourGauntlets_OrdinatorHigh">
		<defName>MorrowRim_Dunmer_ArmourGauntlets_OrdinatorHigh</defName>
		<label>high Ordinator gauntlets</label>
		<description>An exquisitely crafted pair of gauntlets, made from a mixture of both adamantium and ebony, and adorned with the finest of silks, historically worn by only the most skilled of warriors. Provides unparalleled protection, and strikes fear into the hearts of all that witness it.</description>
		<recipeMaker>
			<researchPrerequisites>
				<li>MorrowRim_Dunmer_HighOrdinatorArmour</li>
			</researchPrerequisites>
			<skillRequirements>
				<Crafting>14</Crafting>
			</skillRequirements>
		</recipeMaker>
		<graphicData>
			<texPath>Things/Pawn/Humanlike/Apparel/MorrowRim_Ordinator/Ordinator_High/Ordinator_High_Gauntlets</texPath>
		</graphicData>
		<costList>
			<Dye>15</Dye>
			<Cloth>30</Cloth>
			<ESCP_BonemoldItem>15</ESCP_BonemoldItem>
			<MorrowRim_Adamantium>30</MorrowRim_Adamantium>
			<Mashed_Ashlands_VolcanicEbony>30</Mashed_Ashlands_VolcanicEbony>
		</costList>
		<statBases>
			<Beauty>15</Beauty>
			<WorkToMake>9792</WorkToMake>
			<MaxHitPoints>400</MaxHitPoints>
			<Mass>3.4</Mass>
			<Flammability>0.2</Flammability>
			<ArmorRating_Sharp>0.457</ArmorRating_Sharp>
			<ArmorRating_Blunt>0.34</ArmorRating_Blunt>
			<ArmorRating_Heat>0.5</ArmorRating_Heat>
			<Insulation_Heat>5</Insulation_Heat>
			<EquipDelay>2.5</EquipDelay>
		</statBases>
		<equippedStatOffsets>
			<WorkSpeedGlobal>-0.05</WorkSpeedGlobal>
			<MeleeHitChance>1.5</MeleeHitChance>
			<ArrestSuccessChance>0.1</ArrestSuccessChance>
			<ToxicResistance>0.05</ToxicResistance>
		</equippedStatOffsets>
		<apparel>
			<bodyPartGroups>
				<li>Hands</li>
			</bodyPartGroups>
			<layers>
				<li>Middle</li>
			</layers>
			<tags>
				<li>MorrowRim_Dunmer_OrdinatorArmour_High</li>
			</tags>
		</apparel>
	</ThingDef>
</Defs>
