﻿<?xml version="1.0" encoding="utf-8"?>
<Defs>
	<!-- 
		- Stats based on regular bonemold
		- defence increased by ~20%, and inverted
		- 20% heavier
	-->
	<!-- ==========[MorrowRim_Dunmer_ArmourHelmet_OtherKwamaEgg]========== -->
	<ThingDef ParentName="MorrowRim_Dunmer_ArmourMakeable_Base"
MayRequire="SirMashedPotato.Ashlands">
		<defName>MorrowRim_Dunmer_ArmourHelmet_OtherKwamaEgg</defName>
		<label>Telvanni kwama egg helmet</label>
		<description>A fetcher fly hive core, made to look like a hollowed out kwama egg. It is reinforced with Telvanni secrets, and made into a rather peculiar helmet. Claustrophobic and smells strange, it does provide surprisingly good defence.\n\nTypically worn by members of Great House Telvanni, as no one else would dare be caught wearing a helmet looking like a hollowed out kwama egg on their head.</description>
		<recipeMaker>
			<unfinishedThingDef>MorrowRim_Dunmer_UnfinishedTelvanni</unfinishedThingDef>
			<researchPrerequisites>
				<li>MorrowRim_Dunmer_TelvanniArmour</li>
			</researchPrerequisites>
			<skillRequirements>
				<Crafting>8</Crafting>
				<Intellectual>10</Intellectual>
			</skillRequirements>
		</recipeMaker>
		<graphicData>
			<texPath>Things/Pawn/Humanlike/Apparel/MorrowRim_Other/Telvanni_KwamaEgg/Telvanni_KwamaEgg_Helmet_Item</texPath>
		</graphicData>
		<costList>
			<Cloth>30</Cloth>
			<Chemfuel>10</Chemfuel>
			<ESCP_BonemoldItem>20</ESCP_BonemoldItem>
			<MorrowRim_FrostSalts MayRequire="SirMashedPotato.MorrowRim.TelvanniTechnology">10</MorrowRim_FrostSalts>
			<MorrowRim_FerrousSalts MayRequire="SirMashedPotato.MorrowRim.TelvanniTechnology">10</MorrowRim_FerrousSalts>
			<Mashed_Ashlands_FetcherflyHiveCore MayRequire="SirMashedPotato.Ashlands">1</Mashed_Ashlands_FetcherflyHiveCore>
		</costList>
		<statBases>
			<WorkToMake>8600</WorkToMake>
			<MaxHitPoints>180</MaxHitPoints>
			<Mass>2.6</Mass>
			<Flammability>0.2</Flammability>
			<ArmorRating_Sharp>0.2</ArmorRating_Sharp>
			<ArmorRating_Blunt>0.4</ArmorRating_Blunt>
			<ArmorRating_Heat>0.5</ArmorRating_Heat>
			<Insulation_Heat>5</Insulation_Heat>
			<EquipDelay>2.5</EquipDelay>
		</statBases>
		<equippedStatOffsets>
			<ShootingAccuracyPawn>-0.05</ShootingAccuracyPawn>
			<MentalBreakThreshold>0.05</MentalBreakThreshold>
			<SocialImpact>-0.05</SocialImpact>
		</equippedStatOffsets>
		<apparel>
			<bodyPartGroups>
				<li>FullHead</li>
			</bodyPartGroups>
			<wornGraphicPath>Things/Pawn/Humanlike/Apparel/MorrowRim_Other/Telvanni_KwamaEgg/Telvanni_KwamaEgg_Helmet</wornGraphicPath>
			<layers>
				<li>EyeCover</li>
				<li>Overhead</li>
			</layers>
			<tags>
				<li>MorrowRim_Dunmer_TelvanniArmour</li>
				<li>MorrowRim_Dunmer_OtherArmour_KwamaEgg</li>
			</tags>
		</apparel>
		<tradeTags>
			<li>MorrowRim_Dunmer_TelvanniArmour</li>
		</tradeTags>
	</ThingDef>
</Defs>
