﻿<?xml version="1.0" encoding="utf-8"?>
<Defs>
	<!--
		- don't remember the stat differences
		- 15% more work to craft
	-->
	<!-- ==========[MorrowRim_Dunmer_ArmourCuirass_OrdinatorMourning]========== -->
	<ThingDef ParentName="MorrowRim_Dunmer_ArmourMakeable_Ordinator" Name="MorrowRim_Dunmer_ArmourCuirass_OrdinatorMourning">
		<defName>MorrowRim_Dunmer_ArmourCuirass_OrdinatorMourning</defName>
		<label>Mourning Ordinator cuirass</label>
		<description>A distinctively crafted cuirass, a mixture of bonemold and ebony, bleached the colour of bone, and accompanied with cloth that one could only describe as 'mournful'. While it does provide exceptional protection, many believe it attracts the presence of wandering spirits, and as such few choose to wear it, and many are cautious around those that dare to don it.</description>
		<recipeMaker>
			<researchPrerequisites>
				<li>MorrowRim_Dunmer_MourningOrdinatorArmour</li>
			</researchPrerequisites>
			<skillRequirements>
				<Crafting>14</Crafting>
			</skillRequirements>
		</recipeMaker>
		<graphicData>
			<texPath>Things/Pawn/Humanlike/Apparel/MorrowRim_Ordinator/Ordinator_Mourning/Ordinator_Mourning_Armour_Item</texPath>
		</graphicData>
		<costList>
			<Dye>25</Dye>
			<Cloth>50</Cloth>
			<ESCP_BonemoldItem>50</ESCP_BonemoldItem>
			<Mashed_Ashlands_VolcanicEbony>120</Mashed_Ashlands_VolcanicEbony>
		</costList>
		<statBases>
			<Beauty>20</Beauty>
			<WorkToMake>52440</WorkToMake>
			<MaxHitPoints>800</MaxHitPoints>
			<Mass>16</Mass>
			<Flammability>0.2</Flammability>
			<ArmorRating_Sharp>0.9</ArmorRating_Sharp>
			<ArmorRating_Blunt>0.55</ArmorRating_Blunt>
			<ArmorRating_Heat>0.6</ArmorRating_Heat>
			<Insulation_Cold>8</Insulation_Cold>
			<Insulation_Heat>6</Insulation_Heat>
			<EquipDelay>15</EquipDelay>
		</statBases>
		<equippedStatOffsets>
			<MoveSpeed>-0.8</MoveSpeed>
			<ArrestSuccessChance>0.15</ArrestSuccessChance>
			<PsychicSensitivity>0.15</PsychicSensitivity>
			<MentalBreakThreshold>-0.06</MentalBreakThreshold>
		</equippedStatOffsets>
		<apparel>
			<bodyPartGroups>
				<li>Torso</li>
				<li>Neck</li>
				<li>Shoulders</li>
				<li>Arms</li>
				<li>Legs</li>
			</bodyPartGroups>
			<wornGraphicPath>Things/Pawn/Humanlike/Apparel/MorrowRim_Ordinator/Ordinator_Mourning/Ordinator_Mourning_Armour</wornGraphicPath>
			<layers>
				<li>Middle</li>
				<li>Shell</li>
			</layers>
			<tags>
				<li>MorrowRim_Dunmer_OrdinatorArmour_Mourning</li>
			</tags>
		</apparel>
	</ThingDef>
	<!-- ==========[MorrowRim_Dunmer_ArmourHelmet_OrdinatorMourning]========== -->
	<ThingDef ParentName="MorrowRim_Dunmer_ArmourMakeable_Ordinator" Name="MorrowRim_Dunmer_ArmourHelmet_OrdinatorMourning">
		<defName>MorrowRim_Dunmer_ArmourHelmet_OrdinatorMourning</defName>
		<label>Mourning Ordinator helmet</label>
		<description>A distinctively crafted helmet, a mixture of bonemold and ebony, bleached the colour of bone, and accompanied with cloth that one could only describe as 'mournful'. The face itself is contorted into a mournful expression, and brown tears are painted onto the mask. While it does provide exceptional protection, many believe it attracts the presence of wandering spirits, and as such few choose to wear it, and many are cautious around those that dare to don it.</description>
		<recipeMaker>
			<researchPrerequisites>
				<li>MorrowRim_Dunmer_MourningOrdinatorArmour</li>
			</researchPrerequisites>
			<skillRequirements>
				<Crafting>14</Crafting>
			</skillRequirements>
		</recipeMaker>
		<graphicData>
			<texPath>Things/Pawn/Humanlike/Apparel/MorrowRim_Ordinator/Ordinator_Mourning/Ordinator_Mourning_Helmet_Item</texPath>
		</graphicData>
		<costList>
			<Dye>15</Dye>
			<Cloth>30</Cloth>
			<ESCP_BonemoldItem>30</ESCP_BonemoldItem>
			<Mashed_Ashlands_VolcanicEbony>20</Mashed_Ashlands_VolcanicEbony>
		</costList>
		<statBases>
			<Beauty>20</Beauty>
			<WorkToMake>9384</WorkToMake>
			<MaxHitPoints>400</MaxHitPoints>
			<Mass>3</Mass>
			<Flammability>0.2</Flammability>
			<ArmorRating_Sharp>0.55</ArmorRating_Sharp>
			<ArmorRating_Blunt>0.35</ArmorRating_Blunt>
			<ArmorRating_Heat>0.4</ArmorRating_Heat>
			<Insulation_Cold>5</Insulation_Cold>
			<Insulation_Heat>3</Insulation_Heat>
			<EquipDelay>2.5</EquipDelay>
		</statBases>
		<equippedStatOffsets>
			<ShootingAccuracyPawn>-0.1</ShootingAccuracyPawn>
			<ArrestSuccessChance>0.15</ArrestSuccessChance>
			<PsychicSensitivity>0.25</PsychicSensitivity>
			<MentalBreakThreshold>-0.03</MentalBreakThreshold>
		</equippedStatOffsets>
		<apparel>
			<countsAsClothingForNudity>false</countsAsClothingForNudity>
			<bodyPartGroups>
				<li>FullHead</li>
			</bodyPartGroups>
			<wornGraphicPath>Things/Pawn/Humanlike/Apparel/MorrowRim_Ordinator/Ordinator_Mourning/Ordinator_Mourning_Helmet</wornGraphicPath>
			<layers>
				<li>EyeCover</li>
				<li>Overhead</li>
			</layers>
			<tags>
				<li>MorrowRim_Dunmer_OrdinatorArmour_Mourning</li>
			</tags>
		</apparel>
	</ThingDef>
	<!-- ==========[MorrowRim_Dunmer_ArmourBoots_OrdinatorMourning]========== -->
	<ThingDef ParentName="MorrowRim_Dunmer_ArmourMakeable_Ordinator" Name="MorrowRim_Dunmer_ArmourBoots_OrdinatorMourning">
		<defName>MorrowRim_Dunmer_ArmourBoots_OrdinatorMourning</defName>
		<label>Mourning Ordinator boots</label>
		<description>A distinctively crafted pair of boots, a mixture of bonemold and ebony, bleached the colour of bone, and accompanied with cloth that one could only describe as 'mournful'. The footsteps of those that wear these boots are oddly quiet, so as not to disturb the restless spirits.</description>
		<recipeMaker>
			<researchPrerequisites>
				<li>MorrowRim_Dunmer_MourningOrdinatorArmour</li>
			</researchPrerequisites>
			<skillRequirements>
				<Crafting>12</Crafting>
			</skillRequirements>
		</recipeMaker>
		<graphicData>
			<texPath>Things/Pawn/Humanlike/Apparel/MorrowRim_Ordinator/Ordinator_Mourning/Ordinator_Mourning_Boots</texPath>
		</graphicData>
		<costList>
			<Dye>15</Dye>
			<Cloth>30</Cloth>
			<ESCP_BonemoldItem>30</ESCP_BonemoldItem>
			<Mashed_Ashlands_VolcanicEbony>20</Mashed_Ashlands_VolcanicEbony>
		</costList>
		<statBases>
			<Beauty>10</Beauty>
			<WorkToMake>9384</WorkToMake>
			<MaxHitPoints>200</MaxHitPoints>
			<Mass>3</Mass>
			<Flammability>0.2</Flammability>
			<ArmorRating_Sharp>0.55</ArmorRating_Sharp>
			<ArmorRating_Blunt>0.35</ArmorRating_Blunt>
			<ArmorRating_Heat>0.4</ArmorRating_Heat>
			<Insulation_Cold>5</Insulation_Cold>
			<Insulation_Heat>3</Insulation_Heat>
			<EquipDelay>2.5</EquipDelay>
		</statBases>
		<equippedStatOffsets>
			<MoveSpeed>-0.2</MoveSpeed>
			<ArrestSuccessChance>0.05</ArrestSuccessChance>
			<PsychicSensitivity>0.05</PsychicSensitivity>
			<MentalBreakThreshold>-0.03</MentalBreakThreshold>
		</equippedStatOffsets>
		<apparel>
			<bodyPartGroups>
				<li>Feet</li>
			</bodyPartGroups>
			<layers>
				<li>Middle</li>
			</layers>
			<tags>
				<li>MorrowRim_Dunmer_OrdinatorArmour_Mourning</li>
			</tags>
		</apparel>
	</ThingDef>
	<!-- ==========[MorrowRim_Dunmer_ArmourGauntlets_OrdinatorMourning]========== -->
	<ThingDef ParentName="MorrowRim_Dunmer_ArmourMakeable_Ordinator" Name="MorrowRim_Dunmer_ArmourGauntlets_OrdinatorMourning">
		<defName>MorrowRim_Dunmer_ArmourGauntlets_OrdinatorMourning</defName>
		<label>Mourning Ordinator gauntlets</label>
		<description>A distinctively crafted pair of gauntlets, a mixture of bonemold and ebony, bleached the colour of bone, and accompanied with cloth that one could only describe as 'mournful'.</description>
		<recipeMaker>
			<researchPrerequisites>
				<li>MorrowRim_Dunmer_MourningOrdinatorArmour</li>
			</researchPrerequisites>
			<skillRequirements>
				<Crafting>12</Crafting>
			</skillRequirements>
		</recipeMaker>
		<graphicData>
			<texPath>Things/Pawn/Humanlike/Apparel/MorrowRim_Ordinator/Ordinator_Mourning/Ordinator_Mourning_Gauntlets</texPath>
		</graphicData>
		<costList>
			<Dye>15</Dye>
			<Cloth>30</Cloth>
			<ESCP_BonemoldItem>30</ESCP_BonemoldItem>
			<Mashed_Ashlands_VolcanicEbony>20</Mashed_Ashlands_VolcanicEbony>
		</costList>
		<statBases>
			<Beauty>10</Beauty>
			<WorkToMake>9384</WorkToMake>
			<MaxHitPoints>200</MaxHitPoints>
			<Mass>3</Mass>
			<Flammability>0.2</Flammability>
			<ArmorRating_Sharp>0.55</ArmorRating_Sharp>
			<ArmorRating_Blunt>0.35</ArmorRating_Blunt>
			<ArmorRating_Heat>0.4</ArmorRating_Heat>
			<Insulation_Cold>5</Insulation_Cold>
			<Insulation_Heat>3</Insulation_Heat>
			<EquipDelay>2.5</EquipDelay>
		</statBases>
		<equippedStatOffsets>
			<WorkSpeedGlobal>-0.05</WorkSpeedGlobal>
			<ArrestSuccessChance>0.05</ArrestSuccessChance>
			<PsychicSensitivity>0.05</PsychicSensitivity>
			<MentalBreakThreshold>-0.03</MentalBreakThreshold>
		</equippedStatOffsets>
		<apparel>
			<bodyPartGroups>
				<li>Hands</li>
			</bodyPartGroups>
			<layers>
				<li>Middle</li>
			</layers>
			<tags>
				<li>MorrowRim_Dunmer_OrdinatorArmour_Mourning</li>
			</tags>
		</apparel>
	</ThingDef>
</Defs>
