﻿<?xml version="1.0" encoding="utf-8"?>
<Defs>
	<!-- 
		- Base stats are slightly better than Legendary quality High Ordinator counterparts
	-->
	
	<!-- ==========[MorrowRim_Dunmer_ArmourCuirass_OrdinatorHerHands]========== -->
	<ThingDef ParentName="MorrowRim_Dunmer_Armour_Special" Name="MorrowRim_Dunmer_ArmourCuirass_OrdinatorHerHands">
		<defName>MorrowRim_Dunmer_ArmourCuirass_OrdinatorHerHands</defName>
		<label>Her Hand's cuirass</label>
		<description>A legendary cuirass, worn by one of the Hands of Almalexia. While it may appear to simply be a regular High Ordinator cuirass, in certain lights one will be able to notice a strange shimmering to it, as if the metal itself is alive. The blessing placed upon this cuirass by Almalexia can still be felt, though it appears to have faded in strength over time.</description>
		<graphicData>
			<texPath>Things/Pawn/Humanlike/Apparel/MorrowRim_Ordinator/Ordinator_HerHands/Ordinator_HerHands_Armour_Item</texPath>
		</graphicData>
		<costList>
			<Gold>3</Gold>
			<Dye>25</Dye>
			<Cloth>50</Cloth>
			<ESCP_BonemoldItem>25</ESCP_BonemoldItem>
			<MorrowRim_Adamantium>80</MorrowRim_Adamantium>
			<Mashed_Ashlands_VolcanicEbony>120</Mashed_Ashlands_VolcanicEbony>
			<MorrowRim_BlessedAdamantium>10</MorrowRim_BlessedAdamantium>
		</costList>
		<statBases>
			<Beauty>200</Beauty>
			<MaxHitPoints>1000</MaxHitPoints>
			<Mass>18</Mass>
			<Flammability>0.2</Flammability>
			<ArmorRating_Sharp>1.85</ArmorRating_Sharp>
			<ArmorRating_Blunt>1.10</ArmorRating_Blunt>
			<ArmorRating_Heat>1.3</ArmorRating_Heat>
			<Insulation_Cold>4</Insulation_Cold>
			<Insulation_Heat>15</Insulation_Heat>
			<EnergyShieldRechargeRate>0.13</EnergyShieldRechargeRate>
			<EnergyShieldEnergyMax>1.1</EnergyShieldEnergyMax>
			<EquipDelay>15</EquipDelay>
		</statBases>
		<equippedStatOffsets>
			<MoveSpeed>-1.0</MoveSpeed>
			<ArrestSuccessChance>0.3</ArrestSuccessChance>
			<MeleeHitChance>2</MeleeHitChance>
			<MeleeDodgeChance>10</MeleeDodgeChance>
			<ToxicResistance>0.4</ToxicResistance>
			<ImmunityGainSpeed>0.15</ImmunityGainSpeed>
			<MeditationFocusGain MayRequireAnyOf="Ludeon.RimWorld.Royalty,Ludeon.RimWorld.Biotech">0.1</MeditationFocusGain>
		</equippedStatOffsets>
		<apparel>
			<bodyPartGroups>
				<li>Torso</li>
				<li>Neck</li>
				<li>Shoulders</li>
				<li>Arms</li>
				<li>Legs</li>
			</bodyPartGroups>
			<wornGraphicPath>Things/Pawn/Humanlike/Apparel/MorrowRim_Ordinator/Ordinator_HerHands/Ordinator_HerHands_Armour</wornGraphicPath>
			<layers>
				<li>Middle</li>
				<li>Shell</li>
			</layers>
			<tags>
				<li>MorrowRim_Dunmer_OrdinatorArmour_HerHands</li>
			</tags>
		</apparel>
		<comps>
			<li Class="MorrowRim_DunmerArmoury.CompProperties_ShieldExtended">
				<blocksRangedWeapons>false</blocksRangedWeapons>
				<texPath>Things/Pawn/Humanlike/Apparel/MorrowRim_Ordinator/Ordinator_HerHands/Ordinator_HerHands_Barrier</texPath>
			</li>
		</comps>
	</ThingDef>
	<!-- ==========[MorrowRim_Dunmer_ArmourHelmet_OrdinatorHerHands]========== -->
	<ThingDef ParentName="MorrowRim_Dunmer_Armour_Special" Name="MorrowRim_Dunmer_ArmourHelmet_OrdinatorHerHands">
		<defName>MorrowRim_Dunmer_ArmourHelmet_OrdinatorHerHands</defName>
		<label>Her Hand's helmet</label>
		<description>A legendary helmet, worn by one of the Hands of Almalexia. While it may appear to simply be a regular High Ordinator helmet, in certain lights one will be able to notice a strange shimmering to it, as if the metal itself is alive. The blessing placed upon this helmet by Almalexia can still be felt, though it appears to have faded in strength over time.</description>
		<graphicData>
			<texPath>Things/Pawn/Humanlike/Apparel/MorrowRim_Ordinator/Ordinator_HerHands/Ordinator_HerHands_Helmet_Item</texPath>
		</graphicData>
		<costList>
			<Gold>2</Gold>
			<Dye>15</Dye>
			<Cloth>30</Cloth>
			<MorrowRim_Adamantium>30</MorrowRim_Adamantium>
			<Mashed_Ashlands_VolcanicEbony>30</Mashed_Ashlands_VolcanicEbony>
			<MorrowRim_BlessedAdamantium>5</MorrowRim_BlessedAdamantium>
		</costList>
		<statBases>
			<Beauty>200</Beauty>
			<MaxHitPoints>400</MaxHitPoints>
			<Mass>3.4</Mass>
			<Flammability>0.2</Flammability>
			<ArmorRating_Sharp>0.85</ArmorRating_Sharp>
			<ArmorRating_Blunt>0.65</ArmorRating_Blunt>
			<ArmorRating_Heat>0.9</ArmorRating_Heat>
			<Insulation_Heat>9</Insulation_Heat>
			<EquipDelay>2.5</EquipDelay>
		</statBases>
		<equippedStatOffsets>
			<ShootingAccuracyPawn>-0.1</ShootingAccuracyPawn>
			<ArrestSuccessChance>0.3</ArrestSuccessChance>
			<MeleeHitChance>2</MeleeHitChance>
			<MeleeDodgeChance>10</MeleeDodgeChance>
			<ToxicResistance>0.1</ToxicResistance>
			<IncomingDamageFactor>-0.1</IncomingDamageFactor>
			<MentalBreakThreshold>-0.15</MentalBreakThreshold>
			<PsychicSensitivity>0.2</PsychicSensitivity>
		</equippedStatOffsets>
		<apparel>
			<countsAsClothingForNudity>false</countsAsClothingForNudity>
			<bodyPartGroups>
				<li>FullHead</li>
			</bodyPartGroups>
			<wornGraphicPath>Things/Pawn/Humanlike/Apparel/MorrowRim_Ordinator/Ordinator_HerHands/Ordinator_HerHands_Helmet</wornGraphicPath>
			<layers>
				<li>EyeCover</li>
				<li>Overhead</li>
			</layers>
			<tags>
				<li>MorrowRim_Dunmer_OrdinatorArmour_HerHands</li>
			</tags>
		</apparel>
	</ThingDef>
	<!-- ==========[MorrowRim_Dunmer_ArmourBoots_OrdinatorHerHands]========== -->
	<ThingDef ParentName="MorrowRim_Dunmer_Armour_Special" Name="MorrowRim_Dunmer_ArmourBoots_OrdinatorHerHands">
		<defName>MorrowRim_Dunmer_ArmourBoots_OrdinatorHerHands</defName>
		<label>Her Hand's boots</label>
		<description>A legendary pair of boots, worn by one of the Hands of Almalexia. While they may appear to simply be a regular High Ordinator boots, in certain lights one will be able to notice a strange shimmering to them, as if the metal itself is alive. The blessing placed upon these boots by Almalexia can still be felt, though it appears to have faded in strength over time.</description>
		<graphicData>
			<texPath>Things/Pawn/Humanlike/Apparel/MorrowRim_Ordinator/Ordinator_HerHands/Ordinator_HerHands_Boots</texPath>
		</graphicData>
		<costList>
			<Gold>1</Gold>
			<Dye>15</Dye>
			<Cloth>30</Cloth>
			<ESCP_BonemoldItem>15</ESCP_BonemoldItem>
			<MorrowRim_Adamantium>30</MorrowRim_Adamantium>
			<Mashed_Ashlands_VolcanicEbony>30</Mashed_Ashlands_VolcanicEbony>
			<MorrowRim_BlessedAdamantium>3</MorrowRim_BlessedAdamantium>
		</costList>
		<statBases>
			<Beauty>120</Beauty>
			<MaxHitPoints>400</MaxHitPoints>
			<Mass>3.4</Mass>
			<Flammability>0.2</Flammability>
			<ArmorRating_Sharp>0.85</ArmorRating_Sharp>
			<ArmorRating_Blunt>0.65</ArmorRating_Blunt>
			<ArmorRating_Heat>0.9</ArmorRating_Heat>
			<Insulation_Heat>9</Insulation_Heat>
			<EquipDelay>2.5</EquipDelay>
		</statBases>
		<equippedStatOffsets>
			<MoveSpeed>0.3</MoveSpeed>
			<MeleeDodgeChance>5</MeleeDodgeChance>
			<ArrestSuccessChance>0.15</ArrestSuccessChance>
			<ToxicResistance>0.05</ToxicResistance>
			<InjuryHealingFactor>0.05</InjuryHealingFactor>
			<PsychicEntropyRecoveryRate MayRequireAnyOf="Ludeon.RimWorld.Royalty,Ludeon.RimWorld.Biotech">0.1</PsychicEntropyRecoveryRate>
		</equippedStatOffsets>
		<apparel>
			<bodyPartGroups>
				<li>Feet</li>
			</bodyPartGroups>
			<layers>
				<li>Middle</li>
			</layers>
			<tags>
				<li>MorrowRim_Dunmer_OrdinatorArmour_HerHands</li>
			</tags>
		</apparel>
	</ThingDef>
	<!-- ==========[MorrowRim_Dunmer_ArmourGauntlets_OrdinatorHerHands]========== -->
	<ThingDef ParentName="MorrowRim_Dunmer_Armour_Special" Name="MorrowRim_Dunmer_ArmourGauntlets_OrdinatorHerHands">
		<defName>MorrowRim_Dunmer_ArmourGauntlets_OrdinatorHerHands</defName>
		<label>Her Hand's gauntlets</label>
		<description>A legendary pair of gauntlets, worn by one of the Hands of Almalexia. While they may appear to simply be a regular High Ordinator gauntlets, in certain lights one will be able to notice a strange shimmering to them, as if the metal itself is alive. The blessing placed upon these gauntlets by Almalexia can still be felt, though it appears to have faded in strength over time.</description>
		<graphicData>
			<texPath>Things/Pawn/Humanlike/Apparel/MorrowRim_Ordinator/Ordinator_HerHands/Ordinator_HerHands_Gauntlets</texPath>
		</graphicData>
		<costList>
			<Gold>1</Gold>
			<Dye>15</Dye>
			<Cloth>30</Cloth>
			<ESCP_BonemoldItem>15</ESCP_BonemoldItem>
			<MorrowRim_Adamantium>30</MorrowRim_Adamantium>
			<Mashed_Ashlands_VolcanicEbony>30</Mashed_Ashlands_VolcanicEbony>
			<MorrowRim_BlessedAdamantium>3</MorrowRim_BlessedAdamantium>
		</costList>
		<statBases>
			<Beauty>120</Beauty>
			<MaxHitPoints>400</MaxHitPoints>
			<Mass>3.4</Mass>
			<Flammability>0.2</Flammability>
			<ArmorRating_Sharp>0.85</ArmorRating_Sharp>
			<ArmorRating_Blunt>0.65</ArmorRating_Blunt>
			<ArmorRating_Heat>0.9</ArmorRating_Heat>
			<Insulation_Heat>9</Insulation_Heat>
			<EquipDelay>2.5</EquipDelay>
		</statBases>
		<equippedStatOffsets>
			<WorkSpeedGlobal>-0.05</WorkSpeedGlobal>
			<MeleeHitChance>1</MeleeHitChance>
			<ArrestSuccessChance>0.15</ArrestSuccessChance>
			<ToxicResistance>0.05</ToxicResistance>
			<InjuryHealingFactor>0.05</InjuryHealingFactor>
			<PsychicEntropyMax MayRequireAnyOf="Ludeon.RimWorld.Royalty,Ludeon.RimWorld.Biotech">10</PsychicEntropyMax>
		</equippedStatOffsets>
		<apparel>
			<bodyPartGroups>
				<li>Hands</li>
			</bodyPartGroups>
			<layers>
				<li>Middle</li>
			</layers>
			<tags>
				<li>MorrowRim_Dunmer_OrdinatorArmour_HerHands</li>
			</tags>
		</apparel>
	</ThingDef>
</Defs>
