﻿<?xml version="1.0" encoding="utf-8"?>
<Defs>
	<!-- ==========[MorrowRim_Dunmer_ArmourCuirass_BonemoldRegular]========== -->
	<ThingDef ParentName="MorrowRim_Dunmer_ArmourMakeable_Bonemold" Name="MorrowRim_Dunmer_ArmourCuirass_BonemoldRegular">
		<defName>MorrowRim_Dunmer_ArmourCuirass_BonemoldRegular</defName>
		<label>bonemold cuirass</label>
		<description>A relatively standard bonemold cuirass. Offers reasonable protection, and is somewhat light.\n\nTypically favoured by low-ranking members of Great Houses, and those unaffiliated with one.</description>
		<recipeMaker>
			<skillRequirements>
				<Crafting>7</Crafting>
			</skillRequirements>
		</recipeMaker>
		<graphicData>
			<texPath>Things/Pawn/Humanlike/Apparel/MorrowRim_Bonemold/Bonemold_Regular/Bonemold_Regular_Armour_Item</texPath>
		</graphicData>
		<costList>
			<ESCP_BonemoldItem>170</ESCP_BonemoldItem>
		</costList>
		<statBases>
			<WorkToMake>38000</WorkToMake>
			<MaxHitPoints>230</MaxHitPoints>
			<Mass>12</Mass>
			<Flammability>0.2</Flammability>
			<ArmorRating_Sharp>0.65</ArmorRating_Sharp>
			<ArmorRating_Blunt>0.30</ArmorRating_Blunt>
			<ArmorRating_Heat>0.6</ArmorRating_Heat>
			<Insulation_Cold>2</Insulation_Cold>
			<Insulation_Heat>8</Insulation_Heat>
			<EquipDelay>15</EquipDelay>
		</statBases>
		<equippedStatOffsets>
			<MoveSpeed>-0.6</MoveSpeed>
		</equippedStatOffsets>
		<apparel>
			<bodyPartGroups>
				<li>Torso</li>
				<li>Neck</li>
				<li>Shoulders</li>
				<li>Arms</li>
				<li>Legs</li>
			</bodyPartGroups>
			<wornGraphicPath>Things/Pawn/Humanlike/Apparel/MorrowRim_Bonemold/Bonemold_Regular/Bonemold_Regular_Armour</wornGraphicPath>
			<layers>
				<li>Middle</li>
				<li>Shell</li>
			</layers>
			<tags>
				<li>MorrowRim_Dunmer_BonemoldArmour_Standard</li>
			</tags>
		</apparel>
		<tradeTags>
			<li>MorrowRim_Dunmer_FactionlessArmour_Bonemold</li>
		</tradeTags>
	</ThingDef>
	<!-- ==========[MorrowRim_Dunmer_ArmourHelmet_BonemoldRegular]========== -->
	<ThingDef ParentName="MorrowRim_Dunmer_ArmourMakeable_Bonemold" Name="MorrowRim_Dunmer_ArmourHelmet_BonemoldRegular">
		<defName>MorrowRim_Dunmer_ArmourHelmet_BonemoldRegular</defName>
		<label>bonemold helmet</label>
		<description>A relatively standard bonemold helmet. Offers reasonable protection, and is somewhat light.\n\nTypically favoured by low-ranking members of Great Houses, and those unaffiliated with one.</description>
		<recipeMaker>
			<skillRequirements>
				<Crafting>7</Crafting>
			</skillRequirements>
		</recipeMaker>
		<graphicData>
			<texPath>Things/Pawn/Humanlike/Apparel/MorrowRim_Bonemold/Bonemold_Regular/Bonemold_Regular_Helmet_Item</texPath>
		</graphicData>
		<costList>
			<ESCP_BonemoldItem>50</ESCP_BonemoldItem>
		</costList>
		<statBases>
			<WorkToMake>6800</WorkToMake>
			<MaxHitPoints>120</MaxHitPoints>
			<Mass>2.2</Mass>
			<Flammability>0.2</Flammability>
			<ArmorRating_Sharp>0.34</ArmorRating_Sharp>
			<ArmorRating_Blunt>0.18</ArmorRating_Blunt>
			<ArmorRating_Heat>0.4</ArmorRating_Heat>
			<Insulation_Heat>5</Insulation_Heat>
			<EquipDelay>2.5</EquipDelay>
		</statBases>
		<equippedStatOffsets>
			<ShootingAccuracyPawn>-0.1</ShootingAccuracyPawn>
		</equippedStatOffsets>
		<apparel>
			<countsAsClothingForNudity>false</countsAsClothingForNudity>
			<bodyPartGroups>
				<li>FullHead</li>
			</bodyPartGroups>
			<wornGraphicPath>Things/Pawn/Humanlike/Apparel/MorrowRim_Bonemold/Bonemold_Regular/Bonemold_Regular_Helmet</wornGraphicPath>
			<layers>
				<li>EyeCover</li>
				<li>Overhead</li>
			</layers>
			<tags>
				<li>MorrowRim_Dunmer_BonemoldArmour_Standard</li>
			</tags>
		</apparel>
		<tradeTags>
			<li>MorrowRim_Dunmer_FactionlessArmour_Bonemold</li>
		</tradeTags>
	</ThingDef>
	<!-- ==========[MorrowRim_Dunmer_ArmourBoots_BonemoldRegular]========== -->
	<ThingDef ParentName="MorrowRim_Dunmer_ArmourMakeable_Bonemold" Name="MorrowRim_Dunmer_ArmourBoots_BonemoldRegular">
		<defName>MorrowRim_Dunmer_ArmourBoots_BonemoldRegular</defName>
		<label>bonemold boots</label>
		<description>A pair of standard bonemold boots. Offers reasonable protection, but slows movement slightly.\n\nTypically favoured by low-ranking members of Great Houses, and those unaffiliated with one.</description>
		<recipeMaker>
			<skillRequirements>
				<Crafting>5</Crafting>
			</skillRequirements>
		</recipeMaker>
		<graphicData>
			<texPath>Things/Pawn/Humanlike/Apparel/MorrowRim_Bonemold/Bonemold_Regular/Bonemold_Regular_Boots</texPath>
		</graphicData>
		<costList>
			<ESCP_BonemoldItem>50</ESCP_BonemoldItem>
		</costList>
		<statBases>
			<WorkToMake>6800</WorkToMake>
			<MaxHitPoints>80</MaxHitPoints>
			<Mass>2.2</Mass>
			<Flammability>0.2</Flammability>
			<ArmorRating_Sharp>0.3</ArmorRating_Sharp>
			<ArmorRating_Blunt>0.15</ArmorRating_Blunt>
			<ArmorRating_Heat>0.4</ArmorRating_Heat>
			<Insulation_Heat>1</Insulation_Heat>
			<EquipDelay>2.5</EquipDelay>
		</statBases>
		<equippedStatOffsets>
			<MoveSpeed>-0.1</MoveSpeed>
		</equippedStatOffsets>
		<apparel>
			<bodyPartGroups>
				<li>Feet</li>
			</bodyPartGroups>
			<layers>
				<li>Middle</li>
			</layers>
			<tags>
				<li>MorrowRim_Dunmer_BonemoldArmour_Standard</li>
			</tags>
		</apparel>
		<tradeTags>
			<li>MorrowRim_Dunmer_FactionlessArmour_Bonemold</li>
		</tradeTags>
	</ThingDef>
	<!-- ==========[MorrowRim_Dunmer_ArmourBracers_BonemoldRegular]========== -->
	<ThingDef ParentName="MorrowRim_Dunmer_ArmourMakeable_Bonemold" Name="MorrowRim_Dunmer_ArmourBracers_BonemoldRegular">
		<defName>MorrowRim_Dunmer_ArmourBracers_BonemoldRegular</defName>
		<label>bonemold bracers</label>
		<description>A pair of standard bonemold bracers. Offers reasonable protection, but gets in the way while working.\n\nTypically favoured by low-ranking members of Great Houses, and those unaffiliated with one.</description>
		<recipeMaker>
			<skillRequirements>
				<Crafting>5</Crafting>
			</skillRequirements>
		</recipeMaker>
		<graphicData>
			<texPath>Things/Pawn/Humanlike/Apparel/MorrowRim_Bonemold/Bonemold_Regular/Bonemold_Regular_Bracers</texPath>
		</graphicData>
		<costList>
			<ESCP_BonemoldItem>50</ESCP_BonemoldItem>
		</costList>
		<statBases>
			<WorkToMake>6800</WorkToMake>
			<MaxHitPoints>80</MaxHitPoints>
			<Mass>2.2</Mass>
			<Flammability>0.2</Flammability>
			<ArmorRating_Sharp>0.3</ArmorRating_Sharp>
			<ArmorRating_Blunt>0.15</ArmorRating_Blunt>
			<ArmorRating_Heat>0.4</ArmorRating_Heat>
			<Insulation_Heat>1</Insulation_Heat>
			<EquipDelay>2.5</EquipDelay>
		</statBases>
		<equippedStatOffsets>
			<WorkSpeedGlobal>-0.05</WorkSpeedGlobal>
		</equippedStatOffsets>
		<apparel>
			<bodyPartGroups>
				<li>Hands</li>
			</bodyPartGroups>
			<layers>
				<li>Middle</li>
			</layers>
			<tags>
				<li>MorrowRim_Dunmer_BonemoldArmour_Standard</li>
			</tags>
		</apparel>
		<tradeTags>
			<li>MorrowRim_Dunmer_FactionlessArmour_Bonemold</li>
		</tradeTags>
	</ThingDef>
</Defs>
