<?xml version="1.0" encoding="utf-8"?>
<Defs>
	<!-- ==========[MorrowRim_Dunmer_Belt]========== -->
	<ThingDef Name="MorrowRim_Dunmer_Belt" ParentName="ApparelNoQualityBase" Abstract="True">
		<techLevel>Medieval</techLevel>
		<tickerType>Normal</tickerType>
		<graphicData>
			<graphicClass>Graphic_Single</graphicClass>
		</graphicData>
		<statBases>
			<Mass>3</Mass>
			<Flammability>0.4</Flammability>
			<EquipDelay>2</EquipDelay>
			<WorkToMake>500</WorkToMake>
		</statBases>
		<recipeMaker>
			<workSpeedStat>GeneralLaborSpeed</workSpeedStat>
			<workSkill>Crafting</workSkill>
			<effectWorking>Smith</effectWorking>
			<soundWorking>Recipe_Smith</soundWorking>
			<recipeUsers>
				<li>MorrowRim_Dunmer_DunmerForgeFuelled</li>
				<li>MorrowRim_Dunmer_DunmerForgeElectric</li>
			</recipeUsers>
		</recipeMaker>
		<thingCategories>
			<li>ApparelUtility</li>
		</thingCategories>
		<generateAllowChance>0.15</generateAllowChance>
		<apparel>
			<countsAsClothingForNudity>false</countsAsClothingForNudity>
			<developmentalStageFilter>Child, Adult</developmentalStageFilter>
			<careIfWornByCorpse>false</careIfWornByCorpse>
			<careIfDamaged>false</careIfDamaged>
			<wearPerDay>0</wearPerDay>
			<bodyPartGroups>
				<li>Waist</li>
			</bodyPartGroups>
			<layers>
				<li>Belt</li>
			</layers>
		</apparel>
	</ThingDef>
	<!-- ==========[MorrowRim_Dunmer_Belt_Throwing]========== -->
	<ThingDef Name="MorrowRim_Dunmer_Belt_Throwing" ParentName="MorrowRim_Dunmer_Belt" Abstract="True">
		<recipeMaker>
			<researchPrerequisites>
				<li>MorrowRim_Dunmer_ThrowingWeapons</li>
			</researchPrerequisites>
		</recipeMaker>
	</ThingDef>
</Defs>