<?xml version="1.0" encoding="utf-8"?>
<Defs>
	<!-- ==========[MorrowRim_Dunmer_BeltDoctrine_Throwing]========== -->
	<ThingDef Name="MorrowRim_Dunmer_BeltDoctrine_Throwing" ParentName="MorrowRim_Dunmer_Belt_Throwing" Abstract="True">
		<statBases>
			<AccuracyTouch>0.60</AccuracyTouch>
			<AccuracyShort>0.81</AccuracyShort>
			<AccuracyMedium>0.55</AccuracyMedium>
			<AccuracyLong>0.35</AccuracyLong>
			<RangedWeapon_Cooldown>1</RangedWeapon_Cooldown>
		</statBases>
		<recipeMaker>
			<researchPrerequisites>
				<li>MorrowRim_Dunmer_DoctrineWeapons</li>
			</researchPrerequisites>
			<unfinishedThingDef>MorrowRim_Dunmer_UnfinishedOrdinator</unfinishedThingDef>
			<skillRequirements>
				<Crafting>5</Crafting>
			</skillRequirements>
		</recipeMaker>
		<tradeTags>
			<li>MorrowRim_Dunmer_DoctrineBelt</li>
			<li>MorrowRim_Dunmer_DoctrineBeltThrowing</li>
		</tradeTags>
	</ThingDef>
	<!-- ==========[MorrowRim_Dunmer_BeltDoctrine_ThrowingDart]========== -->
	<ThingDef ParentName="MorrowRim_Dunmer_BeltDoctrine_Throwing">
		<defName>MorrowRim_Dunmer_BeltDoctrine_ThrowingDart</defName>
		<label>doctrine throwing dart belt</label>
		<description>A belt holding several doctrine throwing darts, effective at puncturing through armour from a distance. Can be refuelled with additional doctrine throwing darts.</description>
		<comps>
			<li Class="CompProperties_Reloadable">
				<maxCharges>10</maxCharges>
				<ammoDef>MorrowRim_Dunmer_DoctrineWeapon_ThrowingDart</ammoDef>
				<ammoCountToRefill>1</ammoCountToRefill>
				<baseReloadTicks>60</baseReloadTicks>
				<soundReload>Interact_BeatFire</soundReload>
				<hotKey>Misc4</hotKey>
				<chargeNoun>throwing dart</chargeNoun>
				<displayGizmoWhileUndrafted>false</displayGizmoWhileUndrafted>
			</li>
		</comps>
		<verbs>
			<li>
				<label>throw dart</label>
				<verbClass>Verb_LaunchProjectileStatic</verbClass>
				<hasStandardCommand>true</hasStandardCommand>
				<onlyManualCast>True</onlyManualCast>
				<range>10.9</range>
				<warmupTime>1</warmupTime>
				<soundCast>Interact_BeatFire</soundCast>
				<drawHighlightWithLineOfSight>true</drawHighlightWithLineOfSight>
				<defaultProjectile>MorrowRim_Dunmer_DoctrineWeapon_ThrowingDart_Thrown</defaultProjectile>
				<rangedFireRulepack>Combat_RangedFire_Thrown</rangedFireRulepack>
			</li>
		</verbs>
		<costList>
			<MorrowRim_Dunmer_DoctrineWeapon_ThrowingDart>1</MorrowRim_Dunmer_DoctrineWeapon_ThrowingDart>
		</costList>
		<graphicData>
			<texPath>Things/Pawn/Humanlike/Apparel/MorrowRim_Other/Belts/Belt_Doctrine_ThrowingDart</texPath>
		</graphicData>
	</ThingDef>
	<!-- ==========[MorrowRim_Dunmer_BeltDoctrine_ThrowingKnife]========== -->
	<ThingDef ParentName="MorrowRim_Dunmer_BeltDoctrine_Throwing">
		<defName>MorrowRim_Dunmer_BeltDoctrine_ThrowingKnife</defName>
		<label>doctrine throwing knife belt</label>
		<description>A belt holding several doctrine throwing knives, effective at slicing through armour from a distance. Can be refuelled with additional doctrine throwing knives.</description>
		<comps>
			<li Class="CompProperties_Reloadable">
				<maxCharges>10</maxCharges>
				<ammoDef>MorrowRim_Dunmer_DoctrineWeapon_ThrowingKnife</ammoDef>
				<ammoCountToRefill>1</ammoCountToRefill>
				<baseReloadTicks>60</baseReloadTicks>
				<soundReload>Interact_BeatFire</soundReload>
				<hotKey>Misc4</hotKey>
				<chargeNoun>throwing knife</chargeNoun>
				<displayGizmoWhileUndrafted>false</displayGizmoWhileUndrafted>
			</li>
		</comps>
		<verbs>
			<li>
				<label>throw knife</label>
				<verbClass>Verb_LaunchProjectileStatic</verbClass>
				<hasStandardCommand>true</hasStandardCommand>
				<onlyManualCast>True</onlyManualCast>
				<range>10.9</range>
				<warmupTime>1</warmupTime>
				<soundCast>Interact_BeatFire</soundCast>
				<drawHighlightWithLineOfSight>true</drawHighlightWithLineOfSight>
				<defaultProjectile>MorrowRim_Dunmer_DoctrineWeapon_ThrowingKnife_Thrown</defaultProjectile>
				<rangedFireRulepack>Combat_RangedFire_Thrown</rangedFireRulepack>
			</li>
		</verbs>
		<costList>
			<MorrowRim_Dunmer_DoctrineWeapon_ThrowingKnife>1</MorrowRim_Dunmer_DoctrineWeapon_ThrowingKnife>
		</costList>
		<graphicData>
			<texPath>Things/Pawn/Humanlike/Apparel/MorrowRim_Other/Belts/Belt_Doctrine_ThrowingKnife</texPath>
		</graphicData>
	</ThingDef>
</Defs>