<?xml version="1.0" encoding="utf-8" ?>
<Defs>
	<DamageDef>
		<defName>MorrowRim_Dunmer_RangedCut</defName>
		<label>cut</label>
		<workerClass>DamageWorker_AddInjury</workerClass>
		<externalViolence>true</externalViolence>
		<deathMessage>{0} has been cut to death.</deathMessage>
		<hediff>Cut</hediff>
		<hediffSolid>Crack</hediffSolid>
		<harmAllLayersUntilOutside>true</harmAllLayersUntilOutside>
		<impactSoundType>Slice</impactSoundType>
		<armorCategory>Sharp</armorCategory>
		<overkillPctToDestroyPart>0~0.7</overkillPctToDestroyPart>
		<isRanged>true</isRanged>
		<makesAnimalsFlee>true</makesAnimalsFlee>
	</DamageDef>
</Defs>
