﻿<?xml version="1.0" encoding="utf-8"?>
<Defs>
	<!-- ==========[MorrowRim_Dunmer_BonemoldWeapon_Throwing]========== -->
	<ThingDef ParentName="MorrowRim_Dunmer_Weapon_Ranged" Name="MorrowRim_Dunmer_BonemoldWeapon_Throwing" Abstract="True">
		<statBases>
			<WorkToMake>4000</WorkToMake>
			<Mass>1</Mass>
			<AccuracyTouch>0.50</AccuracyTouch>
			<AccuracyShort>0.71</AccuracyShort>
			<AccuracyMedium>0.50</AccuracyMedium>
			<AccuracyLong>0.32</AccuracyLong>
			<RangedWeapon_Cooldown>1</RangedWeapon_Cooldown>
		</statBases>
		<weaponTags>
			<li>MorrowRim_Dunmer_BonemoldThrowing</li>
		</weaponTags>
		<recipeMaker>
			<skillRequirements>
				<Crafting>3</Crafting>
			</skillRequirements>
			<researchPrerequisites>
				<li>MorrowRim_Dunmer_ThrowingWeapons</li>
				<li>MorrowRim_Dunmer_BonemoldWeapons</li>
			</researchPrerequisites>
			<unfinishedThingDef>MorrowRim_Dunmer_UnfinishedBonemold</unfinishedThingDef>
		</recipeMaker>
		<tradeTags>
			<li>MorrowRim_Dunmer_BonemoldWeapon</li>
			<li>MorrowRim_Dunmer_BonemoldWeaponThrowing</li>
		</tradeTags>
	</ThingDef>
	<!-- ==========[MorrowRim_Dunmer_BonemoldWeapon_ThrowingDart]========== -->
	<ThingDef ParentName="MorrowRim_Dunmer_BonemoldWeapon_Throwing">
		<defName>MorrowRim_Dunmer_BonemoldWeapon_ThrowingDart</defName>
		<label>bonemold throwing darts</label>
		<description>An aerodynamic bonemold dart, embedded with a steel spike. While effective at puncturing through armour from a distance, they can also make for decent melee weapons when needed.</description>
		<modExtensions>
			<li Class="VFECore.ThingDefExtension" MayRequire="OskarPotocki.VanillaFactionsExpanded.Core">
				<usableWithShields>true</usableWithShields>
			</li>
		</modExtensions>
		<graphicData>
			<texPath>Things/Item/Equipment/WeaponRanged/MorrowRim_Bonemold/Bonemold_ThrowingDart</texPath>
		</graphicData>
		<costList>
			<Steel>30</Steel>
			<ESCP_BonemoldItem>30</ESCP_BonemoldItem>
		</costList>
		<verbs>
			<li>
				<verbClass>Verb_Shoot</verbClass>
				<hasStandardCommand>true</hasStandardCommand>
				<defaultProjectile>MorrowRim_Dunmer_BonemoldWeapon_ThrowingDart_Thrown</defaultProjectile>
				<warmupTime>1</warmupTime>
				<range>10.9</range>
				<soundCast>Interact_BeatFire</soundCast>
				<rangedFireRulepack>Combat_RangedFire_Thrown</rangedFireRulepack>
			</li>
		</verbs>
		<tools>
			<li>
				<label>blade</label>
				<capacities>
					<li>Stab</li>
				</capacities>
				<power>9</power>
				<cooldownTime>2</cooldownTime>
			</li>
		</tools>
	</ThingDef>
	<ThingDef ParentName="BaseProjectileNeolithic">
		<defName>MorrowRim_Dunmer_BonemoldWeapon_ThrowingDart_Thrown</defName>
		<label>bonemold throwing dart</label>
		<graphicData>
			<texPath>Things/Projectile/MorrowRim_Bonemold_ThrowingDart_Thrown</texPath>
			<graphicClass>Graphic_Single</graphicClass>
		</graphicData>
		<projectile>
			<damageDef>RangedStab</damageDef>
			<damageAmountBase>10</damageAmountBase>
			<stoppingPower>0.5</stoppingPower>
			<armorPenetrationBase>0.15</armorPenetrationBase>
			<speed>26</speed>
		</projectile>
	</ThingDef>
	<!-- ==========[MorrowRim_Dunmer_BonemoldWeapon_ThrowingKnife]========== -->
	<ThingDef ParentName="MorrowRim_Dunmer_BonemoldWeapon_Throwing">
		<defName>MorrowRim_Dunmer_BonemoldWeapon_ThrowingKnife</defName>
		<label>bonemold throwing knives</label>
		<description>An aerodynamic bonemold handle, attached to a steel knife. While effective at slicing through armour from a distance, they can also make for decent melee weapons when needed.</description>
		<modExtensions>
			<li Class="VFECore.ThingDefExtension" MayRequire="OskarPotocki.VanillaFactionsExpanded.Core">
				<usableWithShields>true</usableWithShields>
			</li>
		</modExtensions>
		<graphicData>
			<texPath>Things/Item/Equipment/WeaponRanged/MorrowRim_Bonemold/Bonemold_ThrowingKnife</texPath>
		</graphicData>
		<costList>
			<Steel>30</Steel>
			<ESCP_BonemoldItem>30</ESCP_BonemoldItem>
		</costList>
		<verbs>
			<li>
				<verbClass>Verb_Shoot</verbClass>
				<hasStandardCommand>true</hasStandardCommand>
				<defaultProjectile>MorrowRim_Dunmer_BonemoldWeapon_ThrowingKnife_Thrown</defaultProjectile>
				<warmupTime>1</warmupTime>
				<range>10.9</range>
				<soundCast>Interact_BeatFire</soundCast>
				<rangedFireRulepack>Combat_RangedFire_Thrown</rangedFireRulepack>
			</li>
		</verbs>
		<tools>
			<li>
				<label>blade</label>
				<capacities>
					<li>Cut</li>
				</capacities>
				<power>9</power>
				<cooldownTime>2</cooldownTime>
			</li>
		</tools>
	</ThingDef>
	<ThingDef ParentName="BaseProjectileNeolithic">
		<defName>MorrowRim_Dunmer_BonemoldWeapon_ThrowingKnife_Thrown</defName>
		<label>bonemold throwing knife</label>
		<graphicData>
			<texPath>Things/Projectile/MorrowRim_Bonemold_ThrowingKnife_Thrown</texPath>
			<graphicClass>Graphic_Single</graphicClass>
		</graphicData>
		<projectile>
			<damageDef>MorrowRim_Dunmer_RangedCut</damageDef>
			<damageAmountBase>10</damageAmountBase>
			<stoppingPower>0.5</stoppingPower>
			<armorPenetrationBase>0.15</armorPenetrationBase>
			<speed>26</speed>
		</projectile>
	</ThingDef>
</Defs>
