﻿<?xml version="1.0" encoding="utf-8"?>
<Defs>
	<!-- ==========[MorrowRim_Dunmer_Weapon_Throwing]========== -->
	<ThingDef ParentName="BaseWeapon" Name="MorrowRim_Dunmer_SpecialWeapon_Melee" Abstract="True">
		<techLevel>Medieval</techLevel>
		<tickerType>Normal</tickerType>
		<comps>
			<li Class="CompProperties_Styleable"/>
			<li Class="CompProperties_SelfhealHitpoints">
				<ticksPerHeal>2000</ticksPerHeal>
			</li>
		</comps>
		<statBases>
			<MarketValue>2000</MarketValue>
			<Mass>2</Mass>
			<Beauty>25</Beauty>
		</statBases>
		<tradeability>Sellable</tradeability>
		<smeltable>false</smeltable>
		<burnableByRecipe>false</burnableByRecipe>
		<thingCategories>
			<li>WeaponsMelee</li>
		</thingCategories>
		<weaponTags>
			<li>MorrowRim_Dunmer_SpecialMelee</li>
		</weaponTags>
		<tradeTags>
			<li>WeaponMelee</li>
		</tradeTags>
		<weaponClasses>
			<li>Melee</li>
		</weaponClasses>
		<thingSetMakerTags>
			<li>RewardStandardLowFreq</li>
			<li>RewardStandardQualitySuper</li>
		</thingSetMakerTags>
		<relicChance>1</relicChance>
	</ThingDef>
	<!-- ==========[MorrowRim_Dunmer_SpecialWeapon_Hopesfire]========== -->
	<ThingDef ParentName="MorrowRim_Dunmer_SpecialWeapon_Melee">
		<defName>MorrowRim_Dunmer_SpecialWeapon_Hopesfire</defName>
		<label>hopesfire</label>
		<description>An ancient sword of Dwemer make, engulfed in an ever-raging inferno, originally the blade of Almalexia.\n\nStrikes from this blade sear through the targets flesh, and have a chance of releasing a burst of electrical energy.</description>
		<modExtensions>
			<li Class="VFECore.ThingDefExtension" MayRequire="OskarPotocki.VanillaFactionsExpanded.Core">
				<usableWithShields>true</usableWithShields>
			</li>
		</modExtensions>
		<!--
		<soundInteract>Interact_PlasmaSword</soundInteract>
		<meleeHitSound>MeleeHit_PlasmaSword</meleeHitSound>
		-->
		<equippedAngleOffset>-45</equippedAngleOffset>
		<graphicData>
			<texPath>Things/Item/Equipment/WeaponMelee/MorrowRim_Artifact/MorrowRim_Hopesfire</texPath>
			<graphicClass>Graphic_Single</graphicClass>
		</graphicData>
		<tools>
			<li>
				<label>handle</label>
				<capacities>
					<li>Blunt</li>
				</capacities>
				<power>12</power>
				<cooldownTime>2</cooldownTime>
			</li>
			<li>
				<label>point</label>
				<capacities>
					<li>Stab</li>
				</capacities>
				<power>20</power>
				<cooldownTime>2.6</cooldownTime>
				<extraMeleeDamages>
					<li>
						<def>Burn</def>
						<amount>10</amount>
						<chance>1</chance>
					</li>
					<li>
						<def>EMP</def>
						<amount>10</amount>
						<chance>0.5</chance>
					</li>
				</extraMeleeDamages>
			</li>
			<li>
				<label>edge</label>
				<capacities>
					<li>Cut</li>
				</capacities>
				<power>20</power>
				<cooldownTime>2.6</cooldownTime>
				<extraMeleeDamages>
					<li>
						<def>Burn</def>
						<amount>10</amount>
						<chance>1</chance>
					</li>
					<li>
						<def>EMP</def>
						<amount>10</amount>
						<chance>0.5</chance>
					</li>
				</extraMeleeDamages>
			</li>
		</tools>
	</ThingDef>
	<!-- ==========[MorrowRim_Dunmer_SpecialWeapon_Trueflame]========== -->
	<ThingDef ParentName="MorrowRim_Dunmer_SpecialWeapon_Melee">
		<defName>MorrowRim_Dunmer_SpecialWeapon_Trueflame</defName>
		<label>trueflame</label>
		<description>An ancient sword of Dwemer make, engulfed in an ever-burning inferno, originally the blade of Indoril Nerevar.\n\nStrikes from this blade sear through the targets flesh, and have a chance of lighting them on fire.</description>
		<modExtensions>
			<li Class="VFECore.ThingDefExtension" MayRequire="OskarPotocki.VanillaFactionsExpanded.Core">
				<usableWithShields>true</usableWithShields>
			</li>
		</modExtensions>
		<!--
		<soundInteract>Interact_PlasmaSword</soundInteract>
		<meleeHitSound>MeleeHit_PlasmaSword</meleeHitSound>
		-->
		<equippedAngleOffset>-45</equippedAngleOffset>
		<graphicData>
			<texPath>Things/Item/Equipment/WeaponMelee/MorrowRim_Artifact/MorrowRim_Trueflame</texPath>
			<graphicClass>Graphic_Single</graphicClass>
		</graphicData>
		<tools>
			<li>
				<label>handle</label>
				<capacities>
					<li>Blunt</li>
				</capacities>
				<power>12</power>
				<cooldownTime>2</cooldownTime>
			</li>
			<li>
				<label>point</label>
				<capacities>
					<li>Stab</li>
				</capacities>
				<power>20</power>
				<cooldownTime>2.6</cooldownTime>
				<extraMeleeDamages>
					<li>
						<def>Burn</def>
						<amount>10</amount>
						<chance>1</chance>
					</li>
					<li>
						<def>Flame</def>
						<amount>10</amount>
						<chance>0.5</chance>
					</li>
				</extraMeleeDamages>
			</li>
			<li>
				<label>edge</label>
				<capacities>
					<li>Cut</li>
				</capacities>
				<power>20</power>
				<cooldownTime>2.6</cooldownTime>
				<extraMeleeDamages>
					<li>
						<def>Burn</def>
						<amount>10</amount>
						<chance>1</chance>
					</li>
					<li>
						<def>Flame</def>
						<amount>10</amount>
						<chance>0.5</chance>
					</li>
				</extraMeleeDamages>
			</li>
		</tools>
	</ThingDef>
	<!-- ==========[MorrowRim_Dunmer_SpecialWeapon_Muatra]========== -->
	<ThingDef ParentName="MorrowRim_Dunmer_SpecialWeapon_Melee">
		<defName>MorrowRim_Dunmer_SpecialWeapon_Muatra</defName>
		<label>muatra</label>
		<description>An ancient spear of unknown make, originally wielded by Vivec. There are many stories concerning the origin of this weapon, though fact is difficult to discern from fiction, as Vivec was well known for bending the truth.\n\nStrikes from this spear seem to always find their way through armour.</description>
		<modExtensions>
			<li Class="VFECore.ThingDefExtension" MayRequire="OskarPotocki.VanillaFactionsExpanded.Core">
				<usableWithShields>true</usableWithShields>
			</li>
		</modExtensions>
		<!--
		<soundInteract>Interact_PlasmaSword</soundInteract>
		<meleeHitSound>MeleeHit_PlasmaSword</meleeHitSound>
		-->
		<equippedAngleOffset>-45</equippedAngleOffset>
		<graphicData>
			<texPath>Things/Item/Equipment/WeaponMelee/MorrowRim_Artifact/MorrowRim_Muatra</texPath>
			<graphicClass>Graphic_Single</graphicClass>
			<drawSize>1.2</drawSize>
		</graphicData>
		<tools>
			<li>
				<label>handle</label>
				<capacities>
					<li>Blunt</li>
				</capacities>
				<power>12</power>
				<armorPenetration>1</armorPenetration>
				<cooldownTime>2</cooldownTime>
			</li>
			<li>
				<label>point</label>
				<capacities>
					<li>Stab</li>
				</capacities>
				<power>20</power>
				<armorPenetration>1</armorPenetration>
				<cooldownTime>2.5</cooldownTime>
			</li>
		</tools>
	</ThingDef>
</Defs>
