﻿<?xml version="1.0" encoding="utf-8"?>
<Defs>
	<!-- ==========[MorrowRim_Dunmer_DoctrineWeapon_Ranged]========== -->
	<ThingDef ParentName="MorrowRim_Dunmer_Weapon_Ranged" Name="MorrowRim_Dunmer_DoctrineWeapon_Ranged" Abstract="True">
		<weaponTags>
			<li>MorrowRim_Dunmer_DoctrineRanged</li>
		</weaponTags>
		<recipeMaker>
			<researchPrerequisites>
				<li>MorrowRim_Dunmer_DoctrineWeapons</li>
			</researchPrerequisites>
			<unfinishedThingDef>MorrowRim_Dunmer_UnfinishedOrdinator</unfinishedThingDef>
		</recipeMaker>
		<tradeTags>
			<li>MorrowRim_Dunmer_DoctrineWeapon</li>
			<li>MorrowRim_Dunmer_DoctrineWeaponRanged</li>
		</tradeTags>
		<comps>
			<li Class="CompProperties_Art">
				<nameMaker>NamerArtWeaponMelee</nameMaker>
				<descriptionMaker>ArtDescription_WeaponMelee</descriptionMaker>
				<minQualityForArtistic>Excellent</minQualityForArtistic>
			</li>
		</comps>
	</ThingDef>
	<!-- ==========[MorrowRim_Dunmer_DoctrineWeapon_RangedDart]========== -->
	<ThingDef ParentName="MorrowRim_Dunmer_DoctrineWeapon_Ranged">
		<defName>MorrowRim_Dunmer_DoctrineWeapon_RangedBow</defName>
		<label>Doctrine bow</label>
		<description>An ornate ebony bow, coated in a layer of gold. A weapon typically wielded by Ordinators, strikes fear into the heart, just as easily as it launches arrows through flesh</description>
		<modExtensions>
			<li Class="VFECore.ThingDefExtension" MayRequire="OskarPotocki.VanillaFactionsExpanded.Core">
				<usableWithShields>false</usableWithShields>
			</li>
		</modExtensions>
		<graphicData>
			<texPath>Things/Item/Equipment/WeaponRanged/MorrowRim_Doctrine/Doctrine_Bow</texPath>
		</graphicData>
		<equippedAngleOffset>-45</equippedAngleOffset>
		<soundInteract>Bow_Recurve</soundInteract>
		<weaponClasses>
      <li>RangedLight</li>
    </weaponClasses>
		<costList>
			<Gold>2</Gold>
			<Mashed_Ashlands_VolcanicEbony>40</Mashed_Ashlands_VolcanicEbony>
		</costList>
		<recipeMaker>
			<skillRequirements>
				<Crafting>9</Crafting>
			</skillRequirements>
			<researchPrerequisites>
				<li>RecurveBow</li>
			</researchPrerequisites>
		</recipeMaker>
		<statBases>
			<WorkToMake>8000</WorkToMake>
			<Mass>1.5</Mass>
			<AccuracyTouch>0.70</AccuracyTouch>
			<AccuracyShort>0.80</AccuracyShort>
			<AccuracyMedium>0.65</AccuracyMedium>
			<AccuracyLong>0.34</AccuracyLong>
			<RangedWeapon_Cooldown>1.5</RangedWeapon_Cooldown>
		</statBases>
		<verbs>
			<li>
				<verbClass>Verb_Shoot</verbClass>
				<hasStandardCommand>true</hasStandardCommand>
				<defaultProjectile>MorrowRim_Dunmer_DoctrineWeapon_RangedBow_Arrow</defaultProjectile>
				<warmupTime>1.5</warmupTime>
				<range>25.9</range>
				<soundCast>Bow_Recurve</soundCast>
			</li>
		</verbs>
		<tools>
			<li>
				<label>limb</label>
				<capacities>
					<li>Blunt</li>
					<li>Poke</li>
				</capacities>
				<power>10</power>
				<cooldownTime>1.5</cooldownTime>
			</li>
		</tools>
	</ThingDef>
	<ThingDef ParentName="BaseProjectileNeolithic">
		<defName>MorrowRim_Dunmer_DoctrineWeapon_RangedBow_Arrow</defName>
		<label>Doctrine arrow</label>
		<graphicData>
			<texPath>Things/Projectile/Arrow_Small</texPath>
			<graphicClass>Graphic_Single</graphicClass>
		</graphicData>
		<projectile>
			<damageDef>Arrow</damageDef>
			<damageAmountBase>24</damageAmountBase>
			<stoppingPower>1.5</stoppingPower>
			<speed>60</speed>
		</projectile>
	</ThingDef>
</Defs>
